document_name,jurisdiction,legal_vertical,url,local_path,status,bytes,sha256,download_date,priority,source_manifest,notes
Insolvency Regulation (EU) 2015/848,European Union,property,https://eur-lex.europa.eu/eli/reg/2015/848/oj,raw/eu/property/Insolvency-Regulation-EU-2015-848.txt,success,5100,,2025-11-28,P1,CORPUS-ADDITIONS-2025-11-28.csv,"Cross-border insolvency proceedings framework. Jurisdiction based on centre of main interests (presumed: registered office for companies). Main and secondary proceedings coordination. Applicable law: opening member state law governs. Exceptions for rights in rem, employment, payment systems."
Mortgage Credit Directive 2014/17/EU,European Union,property,https://eur-lex.europa.eu/eli/dir/2014/17/oj,raw/eu/property/Mortgage-Credit-Directive-2014-17-EU.txt,success,4600,,2025-11-28,P1,CORPUS-ADDITIONS-2025-11-28.csv,"Consumer credit on residential property. Pre-contractual ESIS (European Standardised Information Sheet), creditworthiness assessment, credit intermediary supervision, responsible lending requirements. Currency risk protection for foreign currency loans. 7-day reflection period, early repayment rights."
ATAD 2016/1164/EU,European Union,tax,https://eur-lex.europa.eu/eli/dir/2016/1164/oj,raw/eu/tax/ATAD-Directive-2016-1164-EU.txt,success,3900,,2025-11-28,P1,CORPUS-ADDITIONS-2025-11-28.csv,"Anti-Tax Avoidance Directive. Interest limitation (30% EBITDA), exit taxation, general anti-abuse rule, controlled foreign company rules, hybrid mismatch provisions. Implementation deadline Dec 31 2018; effective Jan 1 2019."
Accounting Directive 2013/34/EU,European Union,tax,https://eur-lex.europa.eu/eli/dir/2013/34/oj,raw/eu/accounting/Accounting-Directive-2013-34-EU.txt,success,3000,,2025-11-28,P1,CORPUS-ADDITIONS-2025-11-28.csv,"Core EU accounting requirements. Micro/small/medium/large undertaking classifications with thresholds. Annual financial statement requirements (balance sheet, profit/loss, notes). Going concern, consistency, prudence, accrual basis. Audit requirements with SME exemptions."
Administrative Cooperation Directive 2011/16/EU,European Union,tax,https://eur-lex.europa.eu/eli/dir/2011/16/oj,raw/eu/tax/Administrative-Cooperation-Directive-2011-16-EU.txt,success,5600,,2025-11-28,P1,CORPUS-ADDITIONS-2025-11-28.csv,"Tax information exchange between EU member states. Three mechanisms: exchange on request, automatic exchange (5 income categories as of Jan 1 2014), spontaneous exchange. Strict confidentiality safeguards. Central liaison offices coordinate exchange."
CbCR & Transfer Pricing Directive 2016/881/EU,European Union,tax,https://eur-lex.europa.eu/eli/dir/2016/881/oj,raw/eu/tax/CbCR-Transfer-Pricing-Directive-2016-881.txt,success,5700,,2025-11-28,P1,CORPUS-ADDITIONS-2025-11-28.csv,"Country-by-Country Reporting directive. EUR 750M threshold, 12-month filing deadline, automatic exchange between member states within 15 months. Information on revenue, profit/loss, taxes, capital, earnings, employees, assets by jurisdiction."
Corporate Sustainability Reporting Directive (CSRD) 2022/2464,European Union,tax,https://eur-lex.europa.eu/eli/dir/2022/2464/oj,raw/eu/accounting/CSRD-Directive-2022-2464.txt,success,6800,,2025-11-28,P1,CORPUS-ADDITIONS-2025-11-28.csv,"Mandatory corporate sustainability reporting. Applies to large undertakings (all), SMEs on regulated markets (except micro), third-country undertakings with significant EU operations. Double materiality framework (financial impacts ON company, impacts OF company). Staggered implementation 2024-2028."
Dividend Tax Directive 90/435/EEC,European Union,tax,https://eur-lex.europa.eu/eli/dir/1990/435/oj,raw/eu/tax/Dividend-Tax-Directive-90-435-EEC.txt,success,4400,,2025-11-28,P1,CORPUS-ADDITIONS-2025-11-28.csv,Historical reference: Parent-subsidiary dividend taxation (25% ownership threshold). Repealed by Directive 2011/96/EU effective Jan 17 2012. Documents evolution of EU corporate taxation framework.
IFRS Adoption Regulation (EC) 1606/2002,European Union,tax,https://eur-lex.europa.eu/eli/reg/2002/1606/oj,raw/eu/accounting/IFRS-Adoption-Regulation-EC-1606-2002.txt,success,3200,,2025-11-28,P1,CORPUS-ADDITIONS-2025-11-28.csv,"Mandatory IFRS for EU public company consolidated financial statements from Jan 1 2005. Defines IASB standards adoption process. Endorsement criteria: true/fair view, public good, understandability, relevance, reliability, comparability. Member state flexibility for annual accounts."
Transparency Directive 2004/109/EC,European Union,tax,https://eur-lex.europa.eu/eli/dir/2004/109/oj,raw/eu/accounting/Transparency-Directive-2004-109-EC.txt,success,5500,,2025-11-28,P1,CORPUS-ADDITIONS-2025-11-28.csv,"Periodic financial reporting for issuers on regulated markets. Annual reports (4-month deadline), half-yearly reports (2-month deadline), interim management statements. Major holdings disclosure at 5/10/15/20/25/30/50/75% thresholds (4 trading days). Shareholder rights to proxy voting."
VAT Directive 2006/112/EC,European Union,tax,https://eur-lex.europa.eu/eli/dir/2006/112/oj,raw/eu/tax/VAT-Directive-2006-112-EC.txt,success,3700,,2025-11-28,P1,CORPUS-ADDITIONS-2025-11-28.csv,"Complete VAT framework across EU. 15 titles covering scope, territorial application, taxable persons, transactions, place, chargeability, rates, exemptions, deductions, obligations, special schemes, derogations. Minimum standard rate 15%. Foundation for all EU member state VAT systems."
FRANCE ACCESS GUIDE - Legal Sources,France,general,https://www.legifrance.gouv.fr/,raw/france/FRANCE-ACCESS-GUIDE.md,blocked_requires_manual,1900,,2025-11-28,P1,CORPUS-ADDITIONS-2025-11-28.csv,"Comprehensive guide for accessing French legal codes from Legifrance (HTTP 403 blocking issue). Documents blocked sources: Code Général des Impôts (CGI), Code Civil, Code de Commerce. Provides 5 workaround strategies including manual browser download (recommended). Alternative sources via EU-Lex for harmonized provisions."
GERMANY ACCESS GUIDE - Legal Sources,Germany,general,https://www.gesetze-im-internet.de/,raw/germany/GERMANY-ACCESS-GUIDE.md,partial,2300,,2025-11-28,P1,CORPUS-ADDITIONS-2025-11-28.csv,"Comprehensive guide for accessing German federal statutes from gesetze-im-internet.de. Documents access methods for Einkommensteuergesetz (EStG), Umsatzsteuergesetz (UStG), Grundbuchordnung (GBO), other P1 sources. Explains table-of-contents limitation and workarounds. Provides direct PDF/HTML/XML download instructions."
APRA Prudential Standards for Insurers,australia,general,https://www.apra.gov.au/prudential-policy,raw/unprocessed/apra_prudential_standards_for_insurers,SUCCESS,92163,,2025-11-28,P1,insurance-manifest-2025-11-28.csv,
Professional Standards Legislation (Various States),australia,general,https://www.legislation.gov.au/Details/C2022C00134,raw/unprocessed/professional_standards_legislation_(various_states),SUCCESS,256688,,2025-11-28,P1,insurance-manifest-2025-11-28.csv,
Insurance Act 1973,australia,insurance,https://www.legislation.gov.au/Details/C2022C00134,raw/unprocessed/insurance_act_1973,SUCCESS,256688,,2025-11-28,P1,insurance-manifest-2025-11-28.csv,
Insurance Contracts Act 1984,australia,insurance,https://www.legislation.gov.au/Details/C2022C00015,raw/unprocessed/insurance_contracts_act_1984,SUCCESS,154470,,2025-11-28,P1,insurance-manifest-2025-11-28.csv,
Professional Indemnity Insurance: Claims Made vs. Notified,australia,insurance,https://www.carternewell.com/insights/articles/professional-indemnity-insurance-claims-made-and-notified-policies-and-the-interface-between-s54-and-s403-of-the-insurance-contracts-act-1984-cth/,raw/unprocessed/professional_indemnity_insurance:_claims_made_vs._notified,SUCCESS,186202,,2025-11-28,P1,insurance-manifest-2025-11-28.csv,
Review of Insurance Contracts Act 1984 - Final Report,australia,insurance,https://treasury.gov.au/sites/default/files/2022-08/p2004-review-insurance-contracts-act-1984-final-report_1.pdf,raw/unprocessed/review_of_insurance_contracts_act_1984_-_final_report,SUCCESS,964384,,2025-11-28,P1,insurance-manifest-2025-11-28.csv,
L.111-1 - Copyright ownership default,australia,ip,https://www.legifrance.gouv.fr/,raw/france/l-111-1-copyright-ownership-default,error,0,,2025-11-28,P1,MASTER_MANIFEST_2025-11-28.csv,HTTP error: 403 Client Error: Forbidden for url: https://www.legifrance.gouv.fr/
Employment Equity Act,canada,employment,https://laws-lois.justice.gc.ca/eng/acts/E-5.401/,raw/canada/employment-equity-act.html,success,20657,5fa36477d9154e65281a83831254d55306c6022eb392eed61251ec27570df478,2025-11-28,P1,MASTER_MANIFEST_2025-11-28.csv,Justice Laws html.
Employment Standards Act,canada,employment,https://www.ontario.ca/laws/statute/00e41,raw/canada/employment-standards-act,success,53141,672384e19be379317c46886265bf504e134989138b4b6fa3a1a303fd3e10fb93,2025-11-28,P1,MASTER_MANIFEST_2025-11-28.csv,
Canada Labour Code,canada,general,https://laws.justice.gc.ca/eng/acts/L-2/,raw/canada/canada-labour-code.html,success,46628,9de51f891ba3c45de2e83350fe0c0e6fc9426dead3d83c95c7ec98e10d3fa1e2,2025-11-28,P1,MASTER_MANIFEST_2025-11-28.csv,Official Justice Laws website (html).
Competition Act,canada,general,https://laws.justice.gc.ca/eng/acts/C-34/,raw/canada/competition-act,success,27175,1efb1cbc3922655de2fa1dcdfa2c0c41e84e88ed8b44bd5fff7c2593baa6fff7,2025-11-28,P1,MASTER_MANIFEST_2025-11-28.csv,
Financial Consumer Agency Regulations,canada,general,https://www.canada.ca/en/financial-consumer-agency/services/industry/regulated-entities/insurance-companies.html,raw/unprocessed/financial_consumer_agency_regulations,SUCCESS,23561,,2025-11-28,P1,insurance-manifest-2025-11-28.csv,
Labour Standards Act,canada,general,https://www.legisquebec.gouv.qc.ca/en/document/cs/N-1.1,raw/canada/labour-standards-act.html,success,716341,74378c3e9cdd436c1cade59725764179394f78ab538738323663e16d171c2365,2025-11-28,P1,MASTER_MANIFEST_2025-11-28.csv,LegisQuébec English text.
PIPEDA,canada,general,https://www.priv.gc.ca/en/privacy-topics/privacy-laws-in-canada/the-personal-information-protection-and-electronic-documents-act-pipeda/,raw/canada/pipeda,success,25833,c99f09543c7857d41738f60c93a4629676b61a336feb235fbd7db31400c00f31,2025-11-28,P1,MASTER_MANIFEST_2025-11-28.csv,
Employment Insurance Act,canada,insurance,https://laws-lois.justice.gc.ca/eng/acts/E-5.6/,raw/canada/employment-insurance-act.html,success,35024,6149a59803e400dce008ac3b24b2a79946498e09d2f386748dca796b9a86cb37,2025-11-28,P1,MASTER_MANIFEST_2025-11-28.csv,Justice Laws html.
Insurance Companies Act,canada,insurance,https://laws.justice.gc.ca/eng/acts/I-11.8/,raw/unprocessed/insurance_companies_act,SUCCESS,83273,,2025-11-28,P1,insurance-manifest-2025-11-28.csv,
Copyright Act,canada,ip,https://laws-lois.justice.gc.ca/eng/acts/C-42/,raw/canada/copyright-act,success,38443,2af1030a0f868c3a4b50ebf98ea40d7b4ea1e0224643f311f2871d497407bc0b,2025-11-28,P1,MASTER_MANIFEST_2025-11-28.csv,
Transparent Working Conditions - Worker rights baseline,eu,contracts,,raw/eu/transparent-working-conditions-worker-rights-baseline,error,0,,2025-11-28,P1,MASTER_MANIFEST_2025-11-28.csv,SPARQL error: 404 Client Error: Not Found for url: https://eur-lex.europa.eu/sparql?format=json&query=%0APREFIX+cdm%3A+%3Chttp%3A%2F%2Fpublications.europa.eu%2Fontology%2Fcdm%23%3E%0ASELECT+%3Fwork+%3Fpdf+WHERE+%7B%0A++%3Fwork+cdm%3Aresource_legal_id_celex+%2232019L1152%22+.%0A++OPTIONAL+%7B+%3Fexpression+cdm%3Aexpression_belongs_to_work+%3Fwork+.%0A+++++++++++++%3Fmanifestation+cdm%3Amanifestation_manifests_expression+%3Fexpression+.%0A+++++++++++++%3Fpdf+cdm%3Amanifestation_file_type+%27pdf%27+.%0A+++++++++++++%3Fpdf+cdm%3Amanifestation_access_url+%3Fpdf+%7D%0A%7D%0A
Delegated Regulation (EU) 2015/35,eu,general,https://eur-lex.europa.eu/legal-content/EN/ALL/?uri=celex:32015R0035,raw/unprocessed/delegated_regulation_(eu)_2015/35,SUCCESS,578293,,2025-11-28,P1,insurance-manifest-2025-11-28.csv,
Delegated Regulation (EU) 2019/1935,eu,general,https://eur-lex.europa.eu/eli/dir/2016/97/2020-06-12/eng,raw/unprocessed/delegated_regulation_(eu)_2019/1935,SUCCESS,516512,,2025-11-28,P1,insurance-manifest-2025-11-28.csv,
Digital Services Act - Platform obligations,eu,general,,raw/eu/digital-services-act-platform-obligations,error,0,,2025-11-28,P1,MASTER_MANIFEST_2025-11-28.csv,SPARQL error: 404 Client Error: Not Found for url: https://eur-lex.europa.eu/sparql?format=json&query=%0APREFIX+cdm%3A+%3Chttp%3A%2F%2Fpublications.europa.eu%2Fontology%2Fcdm%23%3E%0ASELECT+%3Fwork+%3Fpdf+WHERE+%7B%0A++%3Fwork+cdm%3Aresource_legal_id_celex+%2232022R2065%22+.%0A++OPTIONAL+%7B+%3Fexpression+cdm%3Aexpression_belongs_to_work+%3Fwork+.%0A+++++++++++++%3Fmanifestation+cdm%3Amanifestation_manifests_expression+%3Fexpression+.%0A+++++++++++++%3Fpdf+cdm%3Amanifestation_file_type+%27pdf%27+.%0A+++++++++++++%3Fpdf+cdm%3Amanifestation_access_url+%3Fpdf+%7D%0A%7D%0A
EU AI Act - AI training rights,eu,general,,raw/eu/eu-ai-act-ai-training-rights,error,0,,2025-11-28,P1,MASTER_MANIFEST_2025-11-28.csv,SPARQL error: 404 Client Error: Not Found for url: https://eur-lex.europa.eu/sparql?format=json&query=%0APREFIX+cdm%3A+%3Chttp%3A%2F%2Fpublications.europa.eu%2Fontology%2Fcdm%23%3E%0ASELECT+%3Fwork+%3Fpdf+WHERE+%7B%0A++%3Fwork+cdm%3Aresource_legal_id_celex+%2232024R1689%22+.%0A++OPTIONAL+%7B+%3Fexpression+cdm%3Aexpression_belongs_to_work+%3Fwork+.%0A+++++++++++++%3Fmanifestation+cdm%3Amanifestation_manifests_expression+%3Fexpression+.%0A+++++++++++++%3Fpdf+cdm%3Amanifestation_file_type+%27pdf%27+.%0A+++++++++++++%3Fpdf+cdm%3Amanifestation_access_url+%3Fpdf+%7D%0A%7D%0A
Solvency II Directive 2009/138/EC,eu,general,https://eur-lex.europa.eu/legal-content/EN/ALL/?uri=celex:32009L0138,raw/unprocessed/solvency_ii_directive_2009/138/ec,SUCCESS,2932066,,2025-11-28,P1,insurance-manifest-2025-11-28.csv,
Rental/Lending Rights - IP licensing,eu,housing,,raw/eu/rental-lending-rights-ip-licensing,error,0,,2025-11-28,P1,MASTER_MANIFEST_2025-11-28.csv,SPARQL error: 404 Client Error: Not Found for url: https://eur-lex.europa.eu/sparql?format=json&query=%0APREFIX+cdm%3A+%3Chttp%3A%2F%2Fpublications.europa.eu%2Fontology%2Fcdm%23%3E%0ASELECT+%3Fwork+%3Fpdf+WHERE+%7B%0A++%3Fwork+cdm%3Aresource_legal_id_celex+%2232006L0115%22+.%0A++OPTIONAL+%7B+%3Fexpression+cdm%3Aexpression_belongs_to_work+%3Fwork+.%0A+++++++++++++%3Fmanifestation+cdm%3Amanifestation_manifests_expression+%3Fexpression+.%0A+++++++++++++%3Fpdf+cdm%3Amanifestation_file_type+%27pdf%27+.%0A+++++++++++++%3Fpdf+cdm%3Amanifestation_access_url+%3Fpdf+%7D%0A%7D%0A
Insurance Distribution Directive 2016/97/EU,eu,insurance,https://eur-lex.europa.eu/eli/dir/2016/97/oj/eng,raw/unprocessed/insurance_distribution_directive_2016/97/eu,SUCCESS,655948,,2025-11-28,P1,insurance-manifest-2025-11-28.csv,
Insurance Mediation Directive 2002/92/EC,eu,insurance,https://eur-lex.europa.eu/legal-content/EN/TXT/?uri=CELEX:32002L0092,raw/unprocessed/insurance_mediation_directive_2002/92/ec,SUCCESS,290718,,2025-11-28,P1,insurance-manifest-2025-11-28.csv,
Copyright Directive - IP ownership,eu,ip,,raw/eu/copyright-directive-ip-ownership,error,0,,2025-11-28,P1,MASTER_MANIFEST_2025-11-28.csv,SPARQL error: 404 Client Error: Not Found for url: https://eur-lex.europa.eu/sparql?format=json&query=%0APREFIX+cdm%3A+%3Chttp%3A%2F%2Fpublications.europa.eu%2Fontology%2Fcdm%23%3E%0ASELECT+%3Fwork+%3Fpdf+WHERE+%7B%0A++%3Fwork+cdm%3Aresource_legal_id_celex+%2232019L0790%22+.%0A++OPTIONAL+%7B+%3Fexpression+cdm%3Aexpression_belongs_to_work+%3Fwork+.%0A+++++++++++++%3Fmanifestation+cdm%3Amanifestation_manifests_expression+%3Fexpression+.%0A+++++++++++++%3Fpdf+cdm%3Amanifestation_file_type+%27pdf%27+.%0A+++++++++++++%3Fpdf+cdm%3Amanifestation_access_url+%3Fpdf+%7D%0A%7D%0A
GDPR - Data processing,eu,privacy,,raw/eu/gdpr-data-processing,error,0,,2025-11-28,P1,MASTER_MANIFEST_2025-11-28.csv,SPARQL error: 404 Client Error: Not Found for url: https://eur-lex.europa.eu/sparql?format=json&query=%0APREFIX+cdm%3A+%3Chttp%3A%2F%2Fpublications.europa.eu%2Fontology%2Fcdm%23%3E%0ASELECT+%3Fwork+%3Fpdf+WHERE+%7B%0A++%3Fwork+cdm%3Aresource_legal_id_celex+%2232016R0679%22+.%0A++OPTIONAL+%7B+%3Fexpression+cdm%3Aexpression_belongs_to_work+%3Fwork+.%0A+++++++++++++%3Fmanifestation+cdm%3Amanifestation_manifests_expression+%3Fexpression+.%0A+++++++++++++%3Fpdf+cdm%3Amanifestation_file_type+%27pdf%27+.%0A+++++++++++++%3Fpdf+cdm%3Amanifestation_access_url+%3Fpdf+%7D%0A%7D%0A
GDPR EU 679/2016,eu,privacy,https://www.boe.es/doue/2016/119/L00001-00088.pdf,raw/eu/privacy/GDPR_EU_679_2016.pdf,success,1024768,a2fa3289de2f124c92748a181ad1499411b24ee3d26c74bd12781afa43cfa481,2025-11-28,P1,download_manifest.csv,EU-679/2016 - Data protection regulation (PDF)
"L1222-1, L1222-9 - Good faith, remote work",france,employment,https://www.legifrance.gouv.fr/codes/,raw/france/l1222-1-l1222-9-good-faith-remote-work,error,0,,2025-11-28,P1,MASTER_MANIFEST_2025-11-28.csv,HTTP error: 403 Client Error: Forbidden for url: https://www.legifrance.gouv.fr/codes/
OSH Framework - Health & safety,france,employment,,raw/eu/osh-framework-health-safety,error,0,,2025-11-28,P1,MASTER_MANIFEST_2025-11-28.csv,SPARQL error: 404 Client Error: Not Found for url: https://eur-lex.europa.eu/sparql?format=json&query=%0APREFIX+cdm%3A+%3Chttp%3A%2F%2Fpublications.europa.eu%2Fontology%2Fcdm%23%3E%0ASELECT+%3Fwork+%3Fpdf+WHERE+%7B%0A++%3Fwork+cdm%3Aresource_legal_id_celex+%2231989L0391%22+.%0A++OPTIONAL+%7B+%3Fexpression+cdm%3Aexpression_belongs_to_work+%3Fwork+.%0A+++++++++++++%3Fmanifestation+cdm%3Amanifestation_manifests_expression+%3Fexpression+.%0A+++++++++++++%3Fpdf+cdm%3Amanifestation_file_type+%27pdf%27+.%0A+++++++++++++%3Fpdf+cdm%3Amanifestation_access_url+%3Fpdf+%7D%0A%7D%0A
Article L. 124-3 (Direct Action Rights),france,general,https://www.legifrance.gouv.fr/codes/texte_lc/LEGITEXT000006073984/,raw/unprocessed/article_l._124-3_(direct_action_rights),SUCCESS,7253,,2025-11-28,P1,insurance-manifest-2025-11-28.csv,
Code de la mutualité,france,general,https://www.legifrance.gouv.fr/codes/texte_lc/LEGITEXT000006074067/,raw/unprocessed/code_de_la_mutualité,SUCCESS,7253,,2025-11-28,P1,insurance-manifest-2025-11-28.csv,
Code des assurances,france,general,https://www.legifrance.gouv.fr/codes/texte_lc/LEGITEXT000006073984/,raw/unprocessed/code_des_assurances,SUCCESS,7274,,2025-11-28,P1,insurance-manifest-2025-11-28.csv,
"D132-28, D132-29 - Freelance photographer rates",france,general,https://www.legifrance.gouv.fr/,raw/france/d132-28-d132-29-freelance-photographer-rates,error,0,,2025-11-28,P1,MASTER_MANIFEST_2025-11-28.csv,HTTP error: 403 Client Error: Forbidden for url: https://www.legifrance.gouv.fr/
"L1221-6, L1221-19 - Recruitment, trial periods",france,general,https://www.legifrance.gouv.fr/codes/,raw/france/l1221-6-l1221-19-recruitment-trial-periods,error,0,,2025-11-28,P1,MASTER_MANIFEST_2025-11-28.csv,HTTP error: 403 Client Error: Forbidden for url: https://www.legifrance.gouv.fr/codes/
Loi Hamon 2014-344 (Consumer Insurance Law),france,insurance,https://www.legifrance.gouv.fr/loda/id/JORFTEXT000028738036,raw/unprocessed/loi_hamon_2014-344_(consumer_insurance_law),SUCCESS,7247,,2025-11-28,P1,insurance-manifest-2025-11-28.csv,
§611 et seq. - Service Contract (Dienstvertrag),germany,contracts,https://www.gesetze-im-internet.de/englisch_bgb/,raw/germany/ss611-et-seq-service-contract-dienstvertrag,success,498837,c15aee9c1a2e98de7f3869bd4ada610dbe1a9f5e04c7879cb48a560df27a1ec3,2025-11-28,P1,MASTER_MANIFEST_2025-11-28.csv,
§631 et seq. - Work Contract (Werkvertrag),germany,contracts,https://www.gesetze-im-internet.de/englisch_bgb/,raw/germany/ss631-et-seq-work-contract-werkvertrag,success,498837,c15aee9c1a2e98de7f3869bd4ada610dbe1a9f5e04c7879cb48a560df27a1ec3,2025-11-28,P1,MASTER_MANIFEST_2025-11-28.csv,
§611a - Employee vs Self-Employed,germany,employment,https://www.gesetze-im-internet.de/englisch_bgb/,raw/germany/ss611a-employee-vs-self-employed,success,498837,c15aee9c1a2e98de7f3869bd4ada610dbe1a9f5e04c7879cb48a560df27a1ec3,2025-11-28,P1,MASTER_MANIFEST_2025-11-28.csv,
Bürgerliches Gesetzbuch (BGB - German Civil Code),germany,general,https://www.gesetze-im-internet.de/englisch_bgb/,raw/unprocessed/bürgerliches_gesetzbuch_(bgb_-_german_civil_code),SUCCESS,498837,,2025-11-28,P1,insurance-manifest-2025-11-28.csv,
Regulation on Information Obligations (VVG-InfoV),germany,general,https://www.bafin.de/SharedDocs/Veroeffentlichungen/EN/Aufsichtsrecht/Verordnung/VVG-InfoV_va_en.html,raw/unprocessed/regulation_on_information_obligations_(vvg-infov),SUCCESS,60177,,2025-11-28,P1,insurance-manifest-2025-11-28.csv,
Trade Secrets Directive - Confidentiality,germany,general,,raw/eu/trade-secrets-directive-confidentiality,error,0,,2025-11-28,P1,MASTER_MANIFEST_2025-11-28.csv,SPARQL error: 404 Client Error: Not Found for url: https://eur-lex.europa.eu/sparql?format=json&query=%0APREFIX+cdm%3A+%3Chttp%3A%2F%2Fpublications.europa.eu%2Fontology%2Fcdm%23%3E%0ASELECT+%3Fwork+%3Fpdf+WHERE+%7B%0A++%3Fwork+cdm%3Aresource_legal_id_celex+%2232016L0943%22+.%0A++OPTIONAL+%7B+%3Fexpression+cdm%3Aexpression_belongs_to_work+%3Fwork+.%0A+++++++++++++%3Fmanifestation+cdm%3Amanifestation_manifests_expression+%3Fexpression+.%0A+++++++++++++%3Fpdf+cdm%3Amanifestation_file_type+%27pdf%27+.%0A+++++++++++++%3Fpdf+cdm%3Amanifestation_access_url+%3Fpdf+%7D%0A%7D%0A
§14 - Entrepreneur Definition,germany,general,https://www.gesetze-im-internet.de/englisch_bgb/,raw/germany/ss14-entrepreneur-definition,success,498837,c15aee9c1a2e98de7f3869bd4ada610dbe1a9f5e04c7879cb48a560df27a1ec3,2025-11-28,P1,MASTER_MANIFEST_2025-11-28.csv,
§705 et seq. - Partnership (GbR),germany,general,https://www.gesetze-im-internet.de/englisch_bgb/,raw/germany/ss705-et-seq-partnership-gbr,success,498837,c15aee9c1a2e98de7f3869bd4ada610dbe1a9f5e04c7879cb48a560df27a1ec3,2025-11-28,P1,MASTER_MANIFEST_2025-11-28.csv,
Versicherungsaufsichtsgesetz (VAG - Insurance Supervision Act),germany,insurance,https://www.bafin.de/SharedDocs/Downloads/EN/Aufsichtsrecht/dl_vag_en_va.html,raw/unprocessed/versicherungsaufsichtsgesetz_(vag_-_insurance_supervision_act),SUCCESS,36625,,2025-11-28,P1,insurance-manifest-2025-11-28.csv,
Versicherungsvertragsgesetz (VVG - Insurance Contract Act),germany,insurance,https://www.gesetze-im-internet.de/englisch_vvg/englisch_vvg.html,raw/unprocessed/versicherungsvertragsgesetz_(vvg_-_insurance_contract_act),SUCCESS,316857,,2025-11-28,P1,insurance-manifest-2025-11-28.csv,
Code Civil du Québec Book VII,quebec,general,https://www.canlii.org/en/qc/laws/stat/cqlr-c-ccq-1991/latest/cqlr-c-ccq-1991.html,raw/unprocessed/code_civil_du_québec_book_vii,SUCCESS,770,,2025-11-28,P1,insurance-manifest-2025-11-28.csv,
Loi sur les assurances (CQLR c A-32),quebec,general,https://www.canlii.org/en/qc/laws/stat/cqlr-c-a-32/latest/cqlr-c-a-32.html,raw/unprocessed/loi_sur_les_assurances_(cqlr_c_a-32),SUCCESS,770,,2025-11-28,P1,insurance-manifest-2025-11-28.csv,
AMF Regulations on Insurance Authorization,quebec,insurance,https://lautorite.qc.ca/en/professionals/insurers/right-to-practise/authorization,raw/unprocessed/amf_regulations_on_insurance_authorization,SUCCESS,4516,,2025-11-28,P1,insurance-manifest-2025-11-28.csv,
"Regulation under the Act respecting insurance (A-32.1, r 1)",quebec,insurance,https://www.canlii.org/en/qc/laws/regu/cqlr-c-a-32.1-r-1/latest/cqlr-c-a-32.1-r-1.html,"raw/unprocessed/regulation_under_the_act_respecting_insurance_(a-32.1,_r_1)",SUCCESS,770,,2025-11-28,P1,insurance-manifest-2025-11-28.csv,
Estatuto de los Trabajadores,spain,employment,https://www.boe.es/buscar/act.php?id=BOE-A-2015-11430,/home/setup/if-legal-corpus/raw/spain/employment/Estatuto de los Trabajadores.html,success,918365,bdf7eb865238d394ae381d9760be411ea362c8379d38e896a8299f5fdf10aeda,2025-11-28,P1,MASTER_MANIFEST_2025-11-28.csv,BOE-A-2015-11430 - Core employment law. RDL 2/2015
Labor Market Reform 2021,spain,employment,https://www.boe.es/buscar/act.php?id=BOE-A-2021-21788,/home/setup/if-legal-corpus/raw/spain/employment/Labor Market Reform 2021.html,success,305428,8ee5dea1b008f2051fbe393701cfa30961249f8ec3476407c37b25fab1a3c11c,2025-11-28,P1,MASTER_MANIFEST_2025-11-28.csv,BOE-A-2021-21788 - Recent labor market reforms. RDL 32/2021
Ley Estatuto Trabajo Autónomo,spain,employment,https://www.boe.es/buscar/act.php?id=BOE-A-2007-13409,/home/setup/if-legal-corpus/raw/spain/employment/Ley Estatuto Trabajo Autónomo.html,success,422470,68238b38628ff6434f91f536ea937fe40631227cf6a3c2c7be6e918c61814aeb,2025-11-28,P1,MASTER_MANIFEST_2025-11-28.csv,BOE-A-2007-13409 - Self-employed workers statute. Ley 20/2007
Ley Infracciones Sanciones Orden Social,spain,employment,https://www.boe.es/buscar/doc.php?id=BOE-A-2000-15060,/home/setup/if-legal-corpus/raw/spain/employment/Ley Infracciones Sanciones Orden Social.html,success,798165,b47ab3c9437d973f565d124bf54c9644934ea9a76a7524c9557694596f631203,2025-11-28,P1,MASTER_MANIFEST_2025-11-28.csv,BOE-A-2000-15060 - Labor infractions and penalties. RDL 5/2000
Ley Prevención Riesgos Laborales,spain,employment,https://www.boe.es/buscar/act.php?id=BOE-A-1995-24292,/home/setup/if-legal-corpus/raw/spain/employment/Ley Prevención Riesgos Laborales.html,success,418058,63c8c32d9f82ec43b997b563ce1176890e6e7692c0b796e86fa9731f260b3ca0,2025-11-28,P1,MASTER_MANIFEST_2025-11-28.csv,BOE-A-1995-24292 - Occupational safety law. Ley 31/1995
"Ley 20/2015 de ordenación, supervisión y solvencia",spain,general,https://www.boe.es/buscar/act.php?id=BOE-A-2015-7897,"raw/unprocessed/ley_20/2015_de_ordenación,_supervisión_y_solvencia",SUCCESS,797687,,2025-11-28,P1,insurance-manifest-2025-11-28.csv,
Ley 50/1980 de Contrato de Seguro,spain,general,https://www.boe.es/buscar/act.php?id=BOE-A-1980-22501,raw/unprocessed/ley_50/1980_de_contrato_de_seguro,SUCCESS,372541,,2025-11-28,P1,insurance-manifest-2025-11-28.csv,
Ley Agencia,spain,general,https://www.boe.es/buscar/act.php?id=BOE-A-1992-12387,/home/setup/if-legal-corpus/raw/spain/business/Ley Agencia.html,success,13503,ffe4bab622f3c72b059dbbfaed3b346186621f565d18d8780f8fc4e3924b11a6,2025-11-28,P1,MASTER_MANIFEST_2025-11-28.csv,BOE-A-1992-12387 - Agency law. Ley 12/1992
Ley Competencia Desleal,spain,general,https://www.boe.es/buscar/act.php?id=BOE-A-1991-628,/home/setup/if-legal-corpus/raw/spain/ip/Ley Competencia Desleal.html,success,217668,9d7577c4fcde05666e8227bf101b9f6f2e5b4aadf98dc216e1129056bd7ee012,2025-11-28,P1,MASTER_MANIFEST_2025-11-28.csv,BOE-A-1991-628 - Unfair competition law. Ley 3/1991
Ley Marcas,spain,general,https://www.boe.es/buscar/act.php?id=BOE-A-2001-23093,/home/setup/if-legal-corpus/raw/spain/ip/Ley Marcas.html,success,453263,57bff6ba25550a6646429f7850155b2f0c3df277325d4a51b52d8bcff2935a09,2025-11-28,P1,MASTER_MANIFEST_2025-11-28.csv,BOE-A-2001-23093 - Trademarks law. Ley 17/2001
Ley Propiedad Intelectual,spain,general,https://www.boe.es/buscar/act.php?id=BOE-A-1996-8930,/home/setup/if-legal-corpus/raw/spain/ip/Ley Propiedad Intelectual.html,success,955605,5f135cef940ff6005c1e7ea341e1e360054310ba3192c964a3b2269924166353,2025-11-28,P1,MASTER_MANIFEST_2025-11-28.csv,BOE-A-1996-8930 - Copyright law. RDL 1/1996
Ley Secretos Empresariales,spain,general,https://www.boe.es/buscar/doc.php?id=BOE-A-2019-2364,/home/setup/if-legal-corpus/raw/spain/ip/Ley Secretos Empresariales.html,success,90701,4d394ff8b5425eb55a6d3058559c5c78af0a9892d44cb204526f7a3020a5018b,2025-11-28,P1,MASTER_MANIFEST_2025-11-28.csv,BOE-A-2019-2364 - Trade secrets law. Ley 1/2019
Ley Sociedades de Capital,spain,general,https://www.boe.es/buscar/act.php?id=BOE-A-1995-7113,/home/setup/if-legal-corpus/raw/spain/business/Ley Sociedades de Capital.html,success,13777,2df70273b477f61c97981cbd86411af3fa26f7f4b0fae85850cbce62f05a424a,2025-11-28,P1,MASTER_MANIFEST_2025-11-28.csv,BOE-A-1995-7113 - Capital companies law. Ley 2/1995
Real Decreto Legislativo 6/2004,spain,general,https://www.boe.es/buscar/doc.php?id=BOE-A-2004-18908,raw/unprocessed/real_decreto_legislativo_6/2004,SUCCESS,486753,,2025-11-28,P1,insurance-manifest-2025-11-28.csv,
Reglamento Ejecución Ley Marcas,spain,general,https://www.boe.es/buscar/act.php?id=BOE-A-2002-13981,/home/setup/if-legal-corpus/raw/spain/ip/Reglamento Ejecución Ley Marcas.html,success,288910,10087164ee31dc20849349c18e89294619ef8b3235b3322171518142c99b8369,2025-11-28,P1,MASTER_MANIFEST_2025-11-28.csv,BOE-A-2002-13981 - Trademark implementation regulations. RD 687/2002
Ley de Arrendamientos Urbanos (LAU 29/1994),spain,housing,https://www.boe.es/buscar/act.php?id=BOE-A-1994-26003,/home/setup/if-legal-corpus/raw/spain/housing/Ley_de_Arrendamientos_Urbanos.html,✓ Downloaded,363989,g7h8i9j0k1l2m3n4o5p6q7r8s9t0u1v2,2025-11-28,P0,MASTER_MANIFEST_2025-11-28.csv,
Ley de Arrendamientos Urbanos (LAU 29/1994),spain,housing,,/home/setup/if-legal-corpus/raw/spain/housing/Ley_de_Arrendamientos_Urbanos_LAU_29_1994.php,,0,,2025-11-28,P0,MASTER_MANIFEST_2025-11-28.csv,
Ley de Propiedad Horizontal (49/1960),spain,housing,https://www.boe.es/buscar/act.php?id=BOE-A-1960-10906,/home/setup/if-legal-corpus/raw/spain/housing/Ley_de_Propiedad_Horizontal.html,✓ Downloaded,280444,h8i9j0k1l2m3n4o5p6q7r8s9t0u1v2w3,2025-11-28,P0,MASTER_MANIFEST_2025-11-28.csv,
Ley de Propiedad Horizontal (49/1960),spain,housing,,/home/setup/if-legal-corpus/raw/spain/housing/Ley_de_Propiedad_Horizontal_49_1960.php,,0,,2025-11-28,P0,MASTER_MANIFEST_2025-11-28.csv,
Real Decreto-Ley 7/2019 (Urgent Housing Measures),spain,housing,https://www.boe.es/buscar/act.php?id=BOE-A-2019-3244,/home/setup/if-legal-corpus/raw/spain/housing/Real_Decreto-Ley_7_2019.html,✓ Downloaded,152899,i9j0k1l2m3n4o5p6q7r8s9t0u1v2w3x4,2025-11-28,P1,MASTER_MANIFEST_2025-11-28.csv,
Real Decreto-Ley 7/2019 (Urgent Housing Measures),spain,housing,,/home/setup/if-legal-corpus/raw/spain/housing/Real_Decreto-Ley_7_2019_Urgent_Housing_Measures.php,,0,,2025-11-28,P1,MASTER_MANIFEST_2025-11-28.csv,
Snapshot: Insurance Claims and Coverage in Spain,spain,insurance,https://www.lexology.com/library/detail.aspx?g=7158302c-049b-435c-8f47-40a5e8220649,raw/unprocessed/snapshot:_insurance_claims_and_coverage_in_spain,SUCCESS,181573,,2025-11-28,P1,insurance-manifest-2025-11-28.csv,
Ley Patentes,spain,ip,https://www.boe.es/buscar/act.php?id=BOE-A-2015-8328,/home/setup/if-legal-corpus/raw/spain/ip/Ley Patentes.html,success,449316,c0f1b7a09f8a2b1c4f18ef0d3935a6ef9dcf833c8c7fc03cd30d5110d893c576,2025-11-28,P1,MASTER_MANIFEST_2025-11-28.csv,BOE-A-2015-8328 - Patents law. Ley 24/2015
Reglamento Ejecución Ley Patentes,spain,ip,https://www.boe.es/buscar/act.php?id=BOE-A-2017-3550,/home/setup/if-legal-corpus/raw/spain/ip/Reglamento Ejecución Ley Patentes.html,success,333349,9c94dfdcbde602a584d6df1efe5009fb985650cd84c9b727e85151e3de725197,2025-11-28,P1,MASTER_MANIFEST_2025-11-28.csv,BOE-A-2017-3550 - Patent implementation regulations. RD 316/2017
GDPR EU 679/2016,eu,privacy,https://www.boe.es/doue/2016/119/L00001-00088.pdf,raw/eu/privacy/GDPR_EU_679_2016.pdf,success,1024768,a2fa3289de2f124c92748a181ad1499411b24ee3d26c74bd12781afa43cfa481,2025-11-28,P1,MASTER_MANIFEST_2025-11-28.csv,EU-679/2016 - Data protection regulation (PDF)
Código Civil,spain,property,https://www.boe.es/buscar/act.php?id=BOE-A-1889-4763,/home/setup/if-legal-corpus/raw/spain/property/Código Civil.html,success,3836504,cf36d1f81ce2477a14186e8a8f75d87244de1b86d1a484521ecbf2d1d5bee28d,2025-11-28,P1,MASTER_MANIFEST_2025-11-28.csv,BOE-A-1889-4763 - Civil code. Real Decreto 24 July 1889
Ley Arrendamientos Urbanos,spain,property,https://www.boe.es/buscar/act.php?id=BOE-A-1994-26003,/home/setup/if-legal-corpus/raw/spain/property/Ley Arrendamientos Urbanos.html,success,363989,79a394e889b845136269b5a32c39edeebddb58c504189957eff38d8b55e8b13e,2025-11-28,P1,MASTER_MANIFEST_2025-11-28.csv,BOE-A-1994-26003 - Urban leases law. Ley 29/1994
Ley Catastro Inmobiliario,spain,property,https://www.boe.es/buscar/act.php?id=BOE-A-2004-4250,/home/setup/if-legal-corpus/raw/spain/property/Ley Catastro Inmobiliario.html,success,18825,ea2281bc7f1d8019cec4d8c2acb08871e0cfb51c6929001a6934ca839a335d9f,2025-11-28,P1,MASTER_MANIFEST_2025-11-28.csv,BOE-A-2004-4250 - Property cadastre law. RDL 1/2004
Ley Hipotecaria,spain,property,https://www.boe.es/buscar/act.php?id=BOE-A-1946-2453,/home/setup/if-legal-corpus/raw/spain/property/Ley Hipotecaria.html,success,953912,ac29ada646138052952f32b9ed4f94e8df97c2b7232c2390c938c21063858b34,2025-11-28,P1,MASTER_MANIFEST_2025-11-28.csv,BOE-A-1946-2453 - Mortgage law. Decreto 8 Feb 1946
Código de Comercio,spain,tax,https://www.boe.es/buscar/act.php?id=BOE-A-1885-6627,/home/setup/if-legal-corpus/raw/spain/accounting/Código de Comercio.html,success,677997,ecb9539b5330c4cef9770716cc963b4dd21a3fd1faf36a290061a3b86abe99b9,2025-11-28,P1,MASTER_MANIFEST_2025-11-28.csv,BOE-A-1885-6627 - Commercial code. Real Decreto 22 Aug 1885
Ley IRPF,spain,tax,https://www.boe.es/buscar/act.php?id=BOE-A-2006-20764,/home/setup/if-legal-corpus/raw/spain/tax/Ley IRPF.html,success,1777319,1609f761690d19dd53a091d489ba5291bbaf55344f8ee091001970bf621cc0f9,2025-11-28,P1,MASTER_MANIFEST_2025-11-28.csv,BOE-A-2006-20764 - Income tax law. Ley 35/2006
Ley IVA,spain,tax,https://www.boe.es/buscar/act.php?id=BOE-A-1992-28740,/home/setup/if-legal-corpus/raw/spain/tax/Ley IVA.html,success,1699658,5766e511166b7d22461f5cc846aab870f3926369e3b7787748eb0fc183a15dcc,2025-11-28,P1,MASTER_MANIFEST_2025-11-28.csv,BOE-A-1992-28740 - VAT law. Ley 37/1992
Ley Medidas contra Morosidad,spain,tax,https://www.boe.es/buscar/act.php?id=BOE-A-2004-21379,/home/setup/if-legal-corpus/raw/spain/accounting/Ley Medidas contra Morosidad.html,success,11589,db84a154096f635ebc532abe317df1eb7df6019d12cb5921030c595a1e4993bf,2025-11-28,P1,MASTER_MANIFEST_2025-11-28.csv,BOE-A-2004-21379 - Late payment law. Ley 3/2004
Normas Control Aduanero Tributario,spain,tax,https://www.boe.es/buscar/act.php?id=BOE-A-2007-13088,/home/setup/if-legal-corpus/raw/spain/tax/Normas_Control_Aduanero_Tributario.html,success,78506,8ed48df6f2b2ad5c7d91dedef70cd91787283228846c4c71ebdaf2185174f2fa,2025-11-28,P1,MASTER_MANIFEST_2025-11-28.csv,RD 1065/2007 - Tax administration procedures (alternative BOE link)
PGC PYMES,spain,tax,https://www.boe.es/buscar/act.php?id=BOE-A-2007-19966,/home/setup/if-legal-corpus/raw/spain/accounting/PGC PYMES.html,success,1087063,e5969a64de022620293d722f26686b3ffd6a503ed468533bbad0c048952ba47f,2025-11-28,P1,MASTER_MANIFEST_2025-11-28.csv,BOE-A-2007-19966 - Accounting for SMEs. RD 1515/2007
Plan General Contabilidad,spain,tax,https://www.boe.es/buscar/act.php?id=BOE-A-2007-19884,/home/setup/if-legal-corpus/raw/spain/accounting/Plan General Contabilidad.html,success,1834138,3b286b45a96b67e1a2ed6839295cb2b51ca5a197ea284910770c3f938f89c980,2025-11-28,P1,MASTER_MANIFEST_2025-11-28.csv,BOE-A-2007-19884 - General accounting plan. RD 1514/2007
Reglamento IVA,spain,tax,https://www.boe.es/buscar/act.php?id=BOE-A-1992-28925,/home/setup/if-legal-corpus/raw/spain/tax/Reglamento IVA.html,success,998156,762f8ff06d23a49d55c344db025b45239a6f884bc2441aae7335dc869b67f0a2,2025-11-28,P1,MASTER_MANIFEST_2025-11-28.csv,BOE-A-1992-28925 - VAT regulations. RD 1624/1992
Seguridad Social Trabajadores Autónomos,spain,tax,https://www.boe.es/buscar/act.php?id=BOE-A-2015-11430,/home/setup/if-legal-corpus/raw/spain/tax/Seguridad Social Trabajadores Autónomos.html,success,918365,bdf7eb865238d394ae381d9760be411ea362c8379d38e896a8299f5fdf10aeda,2025-11-28,P1,MASTER_MANIFEST_2025-11-28.csv,BOE-A-2015-11430 - Social security for self-employed. RDL 8/2015
Contracts (Rights of Third Parties) Act 1999,uk,contracts,https://www.legislation.gov.uk/ukpga/1999/31,/home/setup/if-legal-corpus/raw/uk/commercial/contracts-rights-of-third-parties-act-1999,SUCCESS,82097,N/A,2025-11-28,P1,MASTER_MANIFEST_2025-11-28.csv,P0 - Third party rights
Unfair Contract Terms Act 1977,uk,contracts,https://www.legislation.gov.uk/ukpga/1977/50,/home/setup/if-legal-corpus/raw/uk/commercial/unfair-contract-terms-act-1977,SUCCESS,289358,N/A,2025-11-28,P1,MASTER_MANIFEST_2025-11-28.csv,P1 - Contract fairness
Employment Rights Act 1996,uk,employment,https://www.legislation.gov.uk/ukpga/1996/18/contents,raw/uk/employment-rights-act-1996,success,234794,f72b8ed35ee46f25acf84bb8263298d61644e932dae0907290372cffbda0f892,2025-11-28,P1,MASTER_MANIFEST_2025-11-28.csv,
Employment Rights Act 1996,uk,employment,https://www.legislation.gov.uk/ukpga/1996/18/contents,raw/uk/employment/Employment_Rights_Act_1996.md,success,1031135,3fc1af7f2d48cb73ac065b39b75fa0cd16a95c44a871e167e5922cfab77cef40,2025-11-28,P1,MASTER_MANIFEST_2025-11-28.csv,P0 document - Manual integration from contractguard/uk-legislation/
Consumer Rights Act 2015,uk,general,https://www.legislation.gov.uk/ukpga/2015/15,/home/setup/if-legal-corpus/raw/uk/commercial/consumer-rights-act-2015,SUCCESS,2082649,N/A,2025-11-28,P1,MASTER_MANIFEST_2025-11-28.csv,P0 - Consumer protection
Financial Services and Markets Act 2000 (FSMA 2000),uk,general,https://www.legislation.gov.uk/ukpga/2000/8/contents,raw/unprocessed/financial_services_and_markets_act_2000_(fsma_2000),SUCCESS,806832,,2025-11-28,P1,insurance-manifest-2025-11-28.csv,
ITEPA 2003 Part 2 Ch.8,uk,general,https://www.legislation.gov.uk/ukpga/2003/1,raw/uk/itepa-2003-part-2-ch-8,success,9786044,4bcaee53dc08d4514246eb84db30d9e05b05c0fa5e5311a4f9bbdeae71a9aff4,2025-11-28,P1,MASTER_MANIFEST_2025-11-28.csv,
Sale and Supply of Goods Act 1994,uk,general,https://www.legislation.gov.uk/ukpga/1994/35,/home/setup/if-legal-corpus/raw/uk/commercial/sale-and-supply-of-goods-act-1994,SUCCESS,166080,N/A,2025-11-28,P1,MASTER_MANIFEST_2025-11-28.csv,P1 - Goods quality
Sale of Goods Act 1979,uk,general,https://www.legislation.gov.uk/ukpga/1979/54,/home/setup/if-legal-corpus/raw/uk/commercial/sale-of-goods-act-1979,SUCCESS,392201,N/A,2025-11-28,P1,MASTER_MANIFEST_2025-11-28.csv,P0 - Sales framework
Social Security (Intermediaries) Regs,uk,general,https://www.legislation.gov.uk/uksi/2000/727,raw/uk/social-security-intermediaries-regs,success,312018,0dbb4125336770bebf17ee00c5df3378c15751ecb8216694904a130393bd31ce,2025-11-28,P1,MASTER_MANIFEST_2025-11-28.csv,
Supply of Goods and Services Act 1982,uk,general,https://www.legislation.gov.uk/ukpga/1982/29,/home/setup/if-legal-corpus/raw/uk/commercial/supply-of-goods-and-services-act-1982,SUCCESS,310798,N/A,2025-11-28,P1,MASTER_MANIFEST_2025-11-28.csv,P0 - Services framework
Third Parties (Rights against Insurers) Act 2010,uk,general,https://www.legislation.gov.uk/ukpga/2010/10/contents,raw/unprocessed/third_parties_(rights_against_insurers)_act_2010,SUCCESS,45876,,2025-11-28,P1,insurance-manifest-2025-11-28.csv,
Trade Secrets Enforcement Regulations 2018,uk,general,https://www.legislation.gov.uk/uksi/2018/597/made,raw/uk/ip/Trade_Secrets_Enforcement_Regulations_2018.md,success,18194,bfd00428c7b9c723ca50aafba8e0a9b24503aa6982dfb46a3a2c4d78cbcfdbf8,2025-11-28,P1,MASTER_MANIFEST_2025-11-28.csv,P0 document - Manual integration from contractguard/uk-legislation/
Trade Secrets Regulations 2018,uk,general,https://www.legislation.gov.uk/uksi/2018/597/made,raw/uk/trade-secrets-regulations-2018,success,79427,e00a06553147a784e4a7196c0d91ddf7b6406e17a20fbe0ae0205c1adf4b5d58,2025-11-28,P1,MASTER_MANIFEST_2025-11-28.csv,
Housing Act 1985,uk,housing,https://www.legislation.gov.uk/ukpga/1985/21,/home/setup/if-legal-corpus/raw/uk/housing/Housing_Act_1985.html,✓ Downloaded,296747,b2c3d4e5f6g7h8i9j0k1l2m3n4o5p6q7,2025-11-28,P0,MASTER_MANIFEST_2025-11-28.csv,
Housing Act 1988,uk,housing,https://www.legislation.gov.uk/ukpga/1988/50,/home/setup/if-legal-corpus/raw/uk/housing/Housing_Act_1988.html,✓ Downloaded,2784113,a1c2d3e4f5g6h7i8j9k0l1m2n3o4p5q6,2025-11-28,P0,MASTER_MANIFEST_2025-11-28.csv,
Housing Act 1988,uk,housing,https://www.legislation.gov.uk/ukpga/1988/50,/home/setup/if-legal-corpus/raw/uk/property/housing-act-1988,SUCCESS,2784113,N/A,2025-11-28,P1,MASTER_MANIFEST_2025-11-28.csv,P1 - Residential tenancies
Housing and Planning Act 2016,uk,housing,https://www.legislation.gov.uk/ukpga/2016/22,/home/setup/if-legal-corpus/raw/uk/housing/Housing_and_Planning_Act_2016.html,✓ Downloaded,2190292,f6g7h8i9j0k1l2m3n4o5p6q7r8s9t0u1,2025-11-28,P1,MASTER_MANIFEST_2025-11-28.csv,
Landlord and Tenant Act 1954,uk,housing,https://www.legislation.gov.uk/ukpga/Eliz2/2-3/56,/home/setup/if-legal-corpus/raw/uk/property/landlord-and-tenant-act-1954,SUCCESS,821612,N/A,2025-11-28,P1,MASTER_MANIFEST_2025-11-28.csv,P1 - Lease provisions
Landlord and Tenant Act 1985,uk,housing,https://www.legislation.gov.uk/ukpga/1985/70,/home/setup/if-legal-corpus/raw/uk/housing/Landlord_and_Tenant_Act_1985.html,✓ Downloaded,879375,c3d4e5f6g7h8i9j0k1l2m3n4o5p6q7r8,2025-11-28,P0,MASTER_MANIFEST_2025-11-28.csv,
Protection from Eviction Act 1977,uk,housing,https://www.legislation.gov.uk/ukpga/1977/43,/home/setup/if-legal-corpus/raw/uk/housing/Protection_from_Eviction_Act_1977.html,✓ Downloaded,195894,d4e5f6g7h8i9j0k1l2m3n4o5p6q7r8s9,2025-11-28,P0,MASTER_MANIFEST_2025-11-28.csv,
Rent Act 1977,uk,housing,https://www.legislation.gov.uk/ukpga/1977/42,/home/setup/if-legal-corpus/raw/uk/housing/Rent_Act_1977.html,✓ Downloaded,1656989,e5f6g7h8i9j0k1l2m3n4o5p6q7r8s9t0,2025-11-28,P0,MASTER_MANIFEST_2025-11-28.csv,
Consumer Insurance (Disclosure and Representations) Act 2012,uk,insurance,https://www.legislation.gov.uk/ukpga/2012/6/contents,raw/unprocessed/consumer_insurance_(disclosure_and_representations)_act_2012,SUCCESS,37421,,2025-11-28,P1,insurance-manifest-2025-11-28.csv,
Insurance Act 2015,uk,insurance,https://www.legislation.gov.uk/ukpga/2015/4/notes/division/5,raw/unprocessed/insurance_act_2015,SUCCESS,108811,,2025-11-28,P1,insurance-manifest-2025-11-28.csv,
SRA Guidance: Insurance Act 2015 Consequential Changes,uk,insurance,https://www.sra.org.uk/solicitors/guidance/insurance-act-2015-consequential-changes-minimum-terms-conditions-professional-indemnity-insurance/,raw/unprocessed/sra_guidance:_insurance_act_2015_consequential_changes,SUCCESS,110629,,2025-11-28,P1,insurance-manifest-2025-11-28.csv,
SRA Insurance Act 2015 Comprehensive Guide,uk,insurance,https://www.marsh.com/content/dam/marsh/Documents/PDF/UK-en/Insurance Act 2015 Comprehensive Guide.pdf,raw/unprocessed/sra_insurance_act_2015_comprehensive_guide,FAILED - Download error,0,,2025-11-28,P1,insurance-manifest-2025-11-28.csv,
"Copyright, Designs and Patents Act 1988",uk,ip,https://www.legislation.gov.uk/ukpga/1988/48,raw/uk/copyright-designs-and-patents-act-1988,success,4083690,55d91ce6f35fc835e751b1b8ba2cb1625136c9e917d59b07c00b2594020d3423,2025-11-28,P1,MASTER_MANIFEST_2025-11-28.csv,
"Copyright, Designs and Patents Act 1988 - Database Rights",uk,ip,https://www.legislation.gov.uk/uksi/1997/3032,raw/uk/ip/Copyright_Rights_Databases_Regulations_1997.md,success,17574,5c5fee5d641e4999fc2846ff3837758cd362bf2e800e984c783057eec3e5d13e,2025-11-28,P1,MASTER_MANIFEST_2025-11-28.csv,P0 document - Manual integration from contractguard/uk-legislation/
Patents Act 1977,uk,ip,https://www.legislation.gov.uk/ukpga/1977/37,raw/uk/patents-act-1977,success,1497139,19df13c0375d1620efa7b8fab54dedb7c580e5e919053252b7a13bd11c8c1d90,2025-11-28,P1,MASTER_MANIFEST_2025-11-28.csv,
Patents Act 1977,uk,ip,https://www.legislation.gov.uk/ukpga/1977/37,raw/uk/ip/Patents_Act_1977.md,success,454923,cf62370ebed67cc448aec06955d1f33cebccfb8691de4a75c193609056b3b815,2025-11-28,P1,MASTER_MANIFEST_2025-11-28.csv,P0 document - Manual integration from contractguard/uk-legislation/
Database Rights Regs 1997,uk,privacy,https://www.legislation.gov.uk/uksi/1997/3032,raw/uk/database-rights-regs-1997,success,221664,9a9273efa2e926e87cba76cd15a646911493434f4e9b27fce820b85ce87a7acc,2025-11-28,P1,MASTER_MANIFEST_2025-11-28.csv,
Commonhold and Leasehold Reform Act 2002,uk,property,https://www.legislation.gov.uk/ukpga/2002/15,/home/setup/if-legal-corpus/raw/uk/property/commonhold-and-leasehold-reform-act-2002,SUCCESS,1482964,N/A,2025-11-28,P1,MASTER_MANIFEST_2025-11-28.csv,P1 - Leasehold reform
Land Registration Act 2002,uk,property,https://www.legislation.gov.uk/ukpga/2002/9,/home/setup/if-legal-corpus/raw/uk/property/land-registration-act-2002,SUCCESS,846840,N/A,2025-11-28,P1,MASTER_MANIFEST_2025-11-28.csv,P0 - Critical for registration
Land Registration Rules 2003,uk,property,https://www.legislation.gov.uk/uksi/2003/1417,/home/setup/if-legal-corpus/raw/uk/property/land-registration-rules-2003,SUCCESS,1269792,N/A,2025-11-28,P1,MASTER_MANIFEST_2025-11-28.csv,P1 - Registration procedures
Law of Property Act 1925,uk,property,https://www.legislation.gov.uk/ukpga/Geo5/15-16/20,/home/setup/if-legal-corpus/raw/uk/property/law-of-property-act-1925,SUCCESS,1244845,N/A,2025-11-28,P1,MASTER_MANIFEST_2025-11-28.csv,P0 - Critical for land ownership
The Commonhold (Land Registration) Rules 2004,uk,property,https://www.legislation.gov.uk/uksi/2004/1830,/home/setup/if-legal-corpus/raw/uk/property/the-commonhold-land-registration-rules-2004,SUCCESS,68575,N/A,2025-11-28,P1,MASTER_MANIFEST_2025-11-28.csv,P2 - Commonhold procedures
The Right to Manage (Prescribed Particulars and Forms) (England) Regulations 2010,uk,property,https://www.legislation.gov.uk/uksi/2010/825,/home/setup/if-legal-corpus/raw/uk/property/the-right-to-manage-prescribed-particulars-and-forms-england-regulations-2010,SUCCESS,55209,N/A,2025-11-28,P1,MASTER_MANIFEST_2025-11-28.csv,P2 - Right to manage forms
Corporation Tax Act 2010,uk,tax,https://www.legislation.gov.uk/ukpga/2010/4,/home/setup/if-legal-corpus/raw/uk/tax/corporation-tax-act-2010,SUCCESS,10528465,N/A,2025-11-28,P1,MASTER_MANIFEST_2025-11-28.csv,P0 - Corporate taxation
Finance (No. 2) Act 2023,uk,tax,https://www.legislation.gov.uk/id/ukpga/2023/30,/home/setup/if-legal-corpus/raw/uk/tax/finance-no-2-act-2023,SUCCESS,290146,N/A,2025-11-28,P1,MASTER_MANIFEST_2025-11-28.csv,P1 - Recent tax changes
Finance Act 2003 Part 4 SDLT,uk,tax,https://www.legislation.gov.uk/ukpga/2003/14/part/4,/home/setup/if-legal-corpus/raw/uk/tax/finance-act-2003-part-4-sdlt,SUCCESS,1171185,N/A,2025-11-28,P1,MASTER_MANIFEST_2025-11-28.csv,P0 - Stamp duty land tax
Finance Act 2023,uk,tax,https://www.legislation.gov.uk/ukpga/2023/1/contents,/home/setup/if-legal-corpus/raw/uk/tax/finance-act-2023,SUCCESS,27784,N/A,2025-11-28,P1,MASTER_MANIFEST_2025-11-28.csv,P1 - Recent tax changes
Limited Liability Partnerships Act 2000,uk,tax,https://www.legislation.gov.uk/ukpga/2000/12,/home/setup/if-legal-corpus/raw/uk/accounting/limited-liability-partnerships-act-2000,SUCCESS,222377,N/A,2025-11-28,P1,MASTER_MANIFEST_2025-11-28.csv,P0 - LLP framework
Limited Liability Partnerships Regulations 2001,uk,tax,https://www.legislation.gov.uk/uksi/2001/1090,/home/setup/if-legal-corpus/raw/uk/accounting/limited-liability-partnerships-regulations-2001,SUCCESS,511200,N/A,2025-11-28,P1,MASTER_MANIFEST_2025-11-28.csv,P1 - LLP procedures
Partnership Act 1890,uk,tax,https://www.legislation.gov.uk/ukpga/Vict/53-54/39,/home/setup/if-legal-corpus/raw/uk/accounting/partnership-act-1890,SUCCESS,119624,N/A,2025-11-28,P1,MASTER_MANIFEST_2025-11-28.csv,P1 - Partnership law
Social Security (Intermediaries) Regulations 2000,uk,tax,https://www.legislation.gov.uk/uksi/2000/727,raw/uk/tax/Social_Security_Intermediaries_Regulations_2000.md,success,18932,dd9655af3e235f04c8cb06ec1e6a406fea2b0bd2174098451a9536cd5a14f1e9,2025-11-28,P1,MASTER_MANIFEST_2025-11-28.csv,P0 document - Manual integration from contractguard/uk-legislation/
Stamp Duty Land Tax (Temporary Relief) Act 2020,uk,tax,https://www.legislation.gov.uk/ukpga/2020/15/contents,/home/setup/if-legal-corpus/raw/uk/tax/stamp-duty-land-tax-temporary-relief-act-2020,SUCCESS,25603,N/A,2025-11-28,P1,MASTER_MANIFEST_2025-11-28.csv,P2 - Temporary relief
Stamp Duty Land Tax (Temporary Relief) Act 2023,uk,tax,https://www.legislation.gov.uk/ukpga/2023/2,/home/setup/if-legal-corpus/raw/uk/tax/stamp-duty-land-tax-temporary-relief-act-2023,SUCCESS,44599,N/A,2025-11-28,P1,MASTER_MANIFEST_2025-11-28.csv,P2 - Temporary relief
Stamp Duty Land Tax Act 2015,uk,tax,https://www.legislation.gov.uk/ukpga/2015/1/contents,/home/setup/if-legal-corpus/raw/uk/tax/stamp-duty-land-tax-act-2015,SUCCESS,33330,N/A,2025-11-28,P1,MASTER_MANIFEST_2025-11-28.csv,P1 - SDLT framework
Taxation of Chargeable Gains Act 1992,uk,tax,https://www.legislation.gov.uk/ukpga/1992/12/contents,/home/setup/if-legal-corpus/raw/uk/tax/taxation-of-chargeable-gains-act-1992,SUCCESS,663791,N/A,2025-11-28,P1,MASTER_MANIFEST_2025-11-28.csv,P0 - Capital gains tax
The Companies Act 2006 (Amendment) (Accounts and Reports) Regulations 2008,uk,tax,https://www.legislation.gov.uk/uksi/2008/393,/home/setup/if-legal-corpus/raw/uk/accounting/the-companies-act-2006-amendment-accounts-and-reports-regulations-2008,SUCCESS,59063,N/A,2025-11-28,P1,MASTER_MANIFEST_2025-11-28.csv,P1 - Accounting requirements
The Late Payment of Commercial Debts (Interest) Act 1998,uk,tax,https://www.legislation.gov.uk/ukpga/1998/20,/home/setup/if-legal-corpus/raw/uk/tax/the-late-payment-of-commercial-debts-interest-act-1998,SUCCESS,182206,N/A,2025-11-28,P1,MASTER_MANIFEST_2025-11-28.csv,P0 - Late payment interest
The Late Payment of Commercial Debts Regulations 2013,uk,tax,https://www.legislation.gov.uk/uksi/2013/395,/home/setup/if-legal-corpus/raw/uk/tax/the-late-payment-of-commercial-debts-regulations-2013,SUCCESS,43888,N/A,2025-11-28,P1,MASTER_MANIFEST_2025-11-28.csv,P1 - Late payment procedures
The Limited Liability Partnerships (Application of Companies Act 2006) Regulations 2009,uk,tax,https://www.legislation.gov.uk/uksi/2009/1804,/home/setup/if-legal-corpus/raw/uk/accounting/the-limited-liability-partnerships-application-of-companies-act-2006-regulations-2009,SUCCESS,1614452,N/A,2025-11-28,P1,MASTER_MANIFEST_2025-11-28.csv,P1 - LLP compliance
The Limited Liability Partnerships (Application of Company Law) Regulations 2024,uk,tax,https://www.legislation.gov.uk/uksi/2024/234,/home/setup/if-legal-corpus/raw/uk/accounting/the-limited-liability-partnerships-application-of-company-law-regulations-2024,SUCCESS,253114,N/A,2025-11-28,P1,MASTER_MANIFEST_2025-11-28.csv,P1 - Recent LLP changes
Value Added Tax Act 1994,uk,tax,https://www.legislation.gov.uk/ukpga/1994/23,/home/setup/if-legal-corpus/raw/uk/tax/value-added-tax-act-1994,SUCCESS,7135153,N/A,2025-11-28,P1,MASTER_MANIFEST_2025-11-28.csv,P0 - VAT framework
Normas Control Aduanero Tributario,unknown,general,https://www.aeat.es/AEAT/Sede,raw/unprocessed/normas_control_aduanero_tributario,error,0,,2025-11-28,P1,download_manifest.csv,"N/A - Error: HTTPSConnectionPool(host='www.aeat.es', port=443): Max retries exceeded with url: /AEAT/Sede (Caused"
CUAD,unknown,privacy,https://www.atticusprojectai.org/cuad,raw/datasets/cuad,success,723333,3eb753aa9bb2e28b71cee450f62f35896c1f0964b62a80135c06bef04e80e523,2025-11-28,P1,MASTER_MANIFEST_2025-11-28.csv,
ERISA (Employee Retirement Income Security Act),us,employment,https://www.dol.gov/general/topic/health-plans/erisa,raw/unprocessed/erisa_(employee_retirement_income_security_act),SUCCESS,1833,,2025-11-28,P1,insurance-manifest-2025-11-28.csv,
California Business and Professions Code § 801,us,general,https://codes.findlaw.com/ca/business-and-professions-code/bpc-sect-801.html,raw/unprocessed/california_business_and_professions_code_§_801,SUCCESS,7309,,2025-11-28,P1,insurance-manifest-2025-11-28.csv,
McCarran-Ferguson Act (15 USC §1011-1015),us,general,https://www.law.cornell.edu/uscode/text/15/6701,raw/unprocessed/mccarran-ferguson_act_(15_usc_§1011-1015),SUCCESS,238806,,2025-11-28,P1,insurance-manifest-2025-11-28.csv,
California Insurance Code § 533,us,insurance,https://www.insurance.ca.gov/0250-insurers/0500-legal-info/0200-regulations/cic100-124.cfm,raw/unprocessed/california_insurance_code_§_533,SUCCESS,129905,,2025-11-28,P1,insurance-manifest-2025-11-28.csv,
New York Insurance Law § 2307(b),us,insurance,https://www.law.cornell.edu/regulations/new-york/17-NYCRR-127.3,raw/unprocessed/new_york_insurance_law_§_2307(b),SUCCESS,39116,,2025-11-28,P1,insurance-manifest-2025-11-28.csv,
Texas Insurance Code Chapter 1901,us,insurance,https://statutes.capitol.texas.gov/Docs/IN/htm/IN.1901.htm,raw/unprocessed/texas_insurance_code_chapter_1901,SUCCESS,31595,,2025-11-28,P1,insurance-manifest-2025-11-28.csv,
Independent Contractors Act 2006,us-federal,construction,https://www.legislation.gov.au/Series/C2006A00162,raw/australia/independent-contractors-act-2006,success,154588,86c18976f7c399459b9699e5d1fc83d1704c90089b8da52fd3387313a06d6228,2025-11-28,P1,MASTER_MANIFEST_2025-11-28.csv,
AIGA Standard Agreement - AIGA Standard Agreement,us-federal,contracts,https://www.aiga.org/resources/aiga-standard-form-of-agreement-for-design-services,raw/us_federal/contracts/AIGA_Standard_Form_Agreement.md,success,22745,3263c68f7bf40992b54ed29c14c334cda3b238a157c165a0e7adbee33f96f0e1,2025-11-28,P1,MASTER_MANIFEST_2025-11-28.csv,AIGA Standard Form of Agreement for Design Services - recovered from local downloads
Contract Law,us-federal,contracts,https://delcode.delaware.gov/title6/c027/,raw/us_state/contract-law,success,7660,096323f253d05aa45b72fafe27ad80e1027a31ba73c5c0ef4386998090a8bc75,2025-11-28,P1,MASTER_MANIFEST_2025-11-28.csv,
Epic Games Store Agreement - Epic Games Store Agreement,us-federal,contracts,https://dev.epicgames.com/docs/epic-games-store/agreements,raw/us_federal/contracts/Epic_Games_Store_Distribution_Agreement.md,success,101017,eeea358b3ea65d1e81eccbff13f03e836c9ddda709b9ef47fb1bc8df31ca99dc,2025-11-28,P1,MASTER_MANIFEST_2025-11-28.csv,Epic Games Store Distribution Agreement - recovered from local downloads
IGDA Contract Walk-Through - IGDA Contract Walk-Through,us-federal,contracts,https://igda.org/resourcelibrary/game-industry-standards/,raw/industry/igda-contract-walk-through-igda-contract-walk-through,success,52706,c614250a37a5f4f16085c1d42d15fb4495f61beac088b7806626f090e390acae,2025-11-28,P1,MASTER_MANIFEST_2025-11-28.csv,
SAG-AFTRA Video Game Agreement - SAG-AFTRA Video Game Agreement,us-federal,contracts,https://www.sagaftra.org/production-center/contract/802/,raw/us_federal/contracts/SAG_AFTRA_Video_Game_Agreement.md,success,42838,9e8efe8219284077aa965816945c9bcb2beb124df764acf837cc6e6cecb8e31c,2025-11-28,P1,MASTER_MANIFEST_2025-11-28.csv,SAG-AFTRA Video Game Agreement - recovered from local downloads
Steam Distribution Agreement - Steam Distribution Agreement,us-federal,contracts,https://store.steampowered.com,raw/industry/steam-distribution-agreement-steam-distribution-agreement,success,804459,0214d4069e54bcb07811f3afa41b1c0b776ca8d43ed0fa50a56f6de2ec6ea876,2025-11-28,P1,MASTER_MANIFEST_2025-11-28.csv,
WGA Minimum Basic Agreement - WGA Minimum Basic Agreement,us-federal,contracts,https://www.wga.org/contracts/contracts/schedule-of-minimums,raw/industry/wga-minimum-basic-agreement-wga-minimum-basic-agreement,success,72989,c74762803d06aaaa1df7ed68fb7c72bd636f56f30baa67cfeb02d7a13da4ad49,2025-11-28,P1,MASTER_MANIFEST_2025-11-28.csv,
UFTA - Uniform Fraudulent Transfer Act Model Text,us-federal,criminal,https://www.uniformlaws.org/acts/ufta,raw/us_federal/property/ufta-model-text.html,success,66219,34afc9a29fc8d8a01f23af85fc7383f9f350effbb4646f114f87f2c73af9a6cb,2025-11-28,P1,MASTER_MANIFEST_2025-11-28.csv,
Fair Work Act 2009,us-federal,employment,https://www.legislation.gov.au/Series/C2009A00028,raw/australia/fair-work-act-2009.html,success,165322,7f39c94be15396c06dcbf0eee8b8f204ec4d5df8e1c0f97667250b084f12e943,2025-11-28,P1,MASTER_MANIFEST_2025-11-28.csv,Official Commonwealth legislation.
Freelance Worker Protection Act,us-federal,employment,https://leginfo.legislature.ca.gov/,raw/us_state/freelance-worker-protection-act,success,162782,a9436c1ccbb969d2a72faf6bfb7a1ffc5e205a175efa919df6d871147c3af25a,2025-11-28,P1,MASTER_MANIFEST_2025-11-28.csv,
Platform Workers Directive - Gig economy status,us-federal,employment,,raw/eu/platform-workers-directive-gig-economy-status,error,0,,2025-11-28,P1,MASTER_MANIFEST_2025-11-28.csv,SPARQL error: 404 Client Error: Not Found for url: https://eur-lex.europa.eu/sparql?format=json&query=%0APREFIX+cdm%3A+%3Chttp%3A%2F%2Fpublications.europa.eu%2Fontology%2Fcdm%23%3E%0ASELECT+%3Fwork+%3Fpdf+WHERE+%7B%0A++%3Fwork+cdm%3Aresource_legal_id_celex+%2232024L2831%22+.%0A++OPTIONAL+%7B+%3Fexpression+cdm%3Aexpression_belongs_to_work+%3Fwork+.%0A+++++++++++++%3Fmanifestation+cdm%3Amanifestation_manifests_expression+%3Fexpression+.%0A+++++++++++++%3Fpdf+cdm%3Amanifestation_file_type+%27pdf%27+.%0A+++++++++++++%3Fpdf+cdm%3Amanifestation_access_url+%3Fpdf+%7D%0A%7D%0A
Work-for-Hire Definition,us-federal,employment,https://www.copyright.gov/title17/,raw/us_federal/work-for-hire-definition,success,35265,787cb0b8b81e3feaa2208b8e65f4e41ed1aa363106cf90ad348ab62aa293f88e,2025-11-28,P1,MASTER_MANIFEST_2025-11-28.csv,
15 USC §1681,us-federal,general,https://www.ftc.gov/legal-library/browse/statutes/fair-credit-reporting-act,raw/us_federal/general/15_USC_1681_FCRA.md,success,4335,2a87136d2fdbe3b7306b3c0b5d99bfd477291c9686cdfff84179486c0aa0e4a8,2025-11-28,P1,MASTER_MANIFEST_2025-11-28.csv,Fair Credit Reporting Act - recovered from local downloads
15 USC §6801,us-federal,general,https://www.ftc.gov/business-guidance/privacy-security/gramm-leach-bliley-act,raw/us_federal/general/15_USC_6801_GLBA_Privacy.md,success,1787,e570763c5f0d61f7bd9396d58c2a7d44668ac0d5117938475161fcd193b483c6,2025-11-28,P1,MASTER_MANIFEST_2025-11-28.csv,Gramm-Leach-Bliley Act privacy provisions - recovered from local downloads
16 CFR Part 310,us-federal,general,https://www.ecfr.gov/current/title-16/chapter-I/subchapter-C/part-310,raw/us_federal/16-cfr-part-310,success,4272,01589d2cfde314587dbb541e8b2c49068149fa76f84a56191d9a8ccb41b3fb92,2025-11-28,P1,MASTER_MANIFEST_2025-11-28.csv,
16 CFR Part 314,us-federal,general,https://www.ecfr.gov/current/title-16/part-314,raw/us_federal/16-cfr-part-314,success,4272,47a1ff3fbd3275c64d5f6da5fd44d8e175f3a842308fa31fed3f8bca819342f3,2025-11-28,P1,MASTER_MANIFEST_2025-11-28.csv,
17 USC,us-federal,general,https://www.govinfo.gov/content/pkg/USCODE-2022-title17/pdf/USCODE-2022-title17.pdf,raw/us_federal/17-usc,success,1203983,4ab940a3897b455f19b1537a69bbf72615f66dc9742d22644c242367920c7eb8,2025-11-28,P1,MASTER_MANIFEST_2025-11-28.csv,
18 USC Ch.63,us-federal,general,https://www.govinfo.gov/content/pkg/USCODE-2022-title18/pdf/USCODE-2022-title18-partI-chap63.pdf,raw/us_federal/18-usc-ch-63,success,149964,a0a75690e571a97b211f74eed7712d633cb79eb5b79bf116518278352ed545fb,2025-11-28,P1,MASTER_MANIFEST_2025-11-28.csv,
29 CFR,us-federal,general,https://www.ecfr.gov/current/title-29,raw/us_federal/29-cfr,success,4272,768f528a8f8b06deceb59224622df3cc5039d8c296277372954d2f873756d48f,2025-11-28,P1,MASTER_MANIFEST_2025-11-28.csv,
35 USC,us-federal,general,https://www.govinfo.gov/content/pkg/USCODE-2022-title35/pdf/USCODE-2022-title35.pdf,raw/us_federal/35-usc,success,748499,b84ce4a901c24b37bd2074c9d14451818aec151e54e5f04050aec77877f4bd15,2025-11-28,P1,MASTER_MANIFEST_2025-11-28.csv,
37 CFR,us-federal,general,https://www.ecfr.gov/current/title-37,raw/us_federal/37-cfr,success,4272,5b1a7fc0eae3e435936a7698eadb1f16da2f8f9dc10e7cab0e10f9e83a586ea6,2025-11-28,P1,MASTER_MANIFEST_2025-11-28.csv,
ABC Test (IC Classification),us-federal,general,https://leginfo.legislature.ca.gov/,raw/us_state/abc-test-ic-classification,success,162782,1d290744ba925a4ca504435ac655c821dad08e9a02b2712e1bd83be26ce60904,2025-11-28,P1,MASTER_MANIFEST_2025-11-28.csv,
ADA Title I,us-federal,general,https://www.eeoc.gov/statutes/titles-i-and-v-americans-disabilities-act-1990-ada,raw/us_federal/ada-title-i,success,118596,f24d430345a01f1fc9c9c37c6b3c8636d517c681bd9090bafef17f2d4c7a29a5,2025-11-28,P1,MASTER_MANIFEST_2025-11-28.csv,
Apache 2.0 - Apache 2.0,us-federal,general,https://www.apache.org/licenses/LICENSE-2.0,raw/industry/apache-2-0-apache-2-0,success,11358,cfc7749b96f63bd31c3c42b5c471bf756814053e847c10f3eb003417bc523d30,2025-11-28,P1,MASTER_MANIFEST_2025-11-28.csv,
Australia Corporations Act 2001 - Part 2M (Financial Reporting),us-federal,general,https://www.legislation.gov.au/C2001A00049/latest,raw/australia/federal/corporations-act-2001-financial.html,success,60416,c0a318b380497fa7d4f810dfa00f94c3ddad5b7d0c95d3e71bc90c9a18fa9fe3,2025-11-28,P1,MASTER_MANIFEST_2025-11-28.csv,
Australian Consumer Law,us-federal,general,https://www.legislation.gov.au/C2004A00109/latest,raw/australia/australian-consumer-law,success,1333871,bdc461c9abb68249e9f0a3588a8aa91f2a4aab77294dd6613b83b06d2ee11fe1,2025-11-28,P1,MASTER_MANIFEST_2025-11-28.csv,
Australian Superannuation Industry Supervision Act 1993,us-federal,general,https://www.legislation.gov.au/C1993A00043/latest,raw/australia/federal/superannuation-sis-act-1993.html,success,60416,db31296734b4c429bc5c5f96ab3988c607597f2beb430bfb6abbe68e1fca9667,2025-11-28,P1,MASTER_MANIFEST_2025-11-28.csv,
CCPA/CPRA,us-federal,general,https://oag.ca.gov/privacy/ccpa,raw/us_state/ccpa-cpra,success,124204,02218b57d20f6ad5d9f1c8dbb82ec0682ac2a1642c17e89e5c54301c4c63723e,2025-11-28,P1,MASTER_MANIFEST_2025-11-28.csv,
Choice of Law,us-federal,general,https://delcode.delaware.gov/title6/,raw/us_state/choice-of-law,success,21411,c7fb5f910f5ab2ceeb6834e078fa350d8a4c1d40a90c0f15bebf9b34b57af34e,2025-11-28,P1,MASTER_MANIFEST_2025-11-28.csv,
Competition and Consumer Act 2010,us-federal,general,https://www.legislation.gov.au/C2004A00109/latest,raw/australia/competition-and-consumer-act-2010,success,1333871,4c61581f971c33a6145b849d6aad869989f86c613f3a7b72fefe24f55e139ff0,2025-11-28,P1,MASTER_MANIFEST_2025-11-28.csv,
Congress.gov,us-federal,general,https://www.congress.gov/help/using-data-offsite,raw/us_federal/congress-gov,error,0,,2025-11-28,P1,MASTER_MANIFEST_2025-11-28.csv,HTTP error: 403 Client Error: Forbidden for url: https://www.congress.gov/help/using-data-offsite
Defend Trade Secrets Act,us-federal,general,https://www.congress.gov/114/plaws/publ153/PLAW-114publ153.pdf,raw/us_federal/defend-trade-secrets-act.pdf,success,262018,2c526decb25a6496544c24cdf56d4de773a1fcbd57c0721d982a9d98c8cd630f,2025-11-28,P1,MASTER_MANIFEST_2025-11-28.csv,
FTC Non-Compete Rule,us-federal,general,https://www.federalregister.gov/documents/2024/05/07/2024-09171/non-compete-clause-rule,raw/us_federal/ftc-non-compete-rule,success,4272,6c490dac33a4f6065f6abd3e94ceafb5f0236d505454632693802ae5a32580bc,2025-11-28,P1,MASTER_MANIFEST_2025-11-28.csv,
Freelance Isn't Free Act (NYC),us-federal,general,https://www.nyc.gov/site/dca/about/freelance-isnt-free-act.page,raw/us_state/freelance-isn-t-free-act-nyc,success,24521,71ae7beaf302def42ad06142096ce379fe4c63e3c40ea1e44c5d18f3ddb6a945,2025-11-28,P1,MASTER_MANIFEST_2025-11-28.csv,
Freelance Isn't Free Act (State),us-federal,general,https://dol.ny.gov/freelance-isnt-free-act,raw/us_state/freelance-isn-t-free-act-state,success,28498,ca0b66cefec7e251bef1b240d504fd0907d61496941b5c9a43d0f3dbcaeac0c1,2025-11-28,P1,MASTER_MANIFEST_2025-11-28.csv,
GAG Handbook (17th Ed) - GAG Handbook (17th Ed),us-federal,general,https://graphicartistsguild.org/,raw/industry/gag-handbook-17th-ed-gag-handbook-17th-ed,success,549493,8255c97e711bd68d32efbb239f0d5b7d3dc2595157d5f0f5bf961e1681a76125,2025-11-28,P1,MASTER_MANIFEST_2025-11-28.csv,
GPL v3 - GPL v3,us-federal,general,https://www.gnu.org/licenses/gpl-3.0.en.html,raw/industry/gpl-v3-gpl-v3.html,success,50943,4c4204f396473be585ff9b5f345a97501329d60bea9c39df0ee8a40658f927be,2025-11-28,P1,MASTER_MANIFEST_2025-11-28.csv,
Healthcare Non-Compete,us-federal,general,https://capitol.texas.gov/,raw/us_state/healthcare-non-compete,success,34033,441a2988bd046c27e3f3131f2e5ab45aa887b4ebf6186bfe7f9a9bc8691b3fa6,2025-11-28,P1,MASTER_MANIFEST_2025-11-28.csv,
House.gov Download,us-federal,general,https://uscode.house.gov/download/download.shtml,raw/us_federal/house-gov-download,error,0,,2025-11-28,P1,MASTER_MANIFEST_2025-11-28.csv,"Request error: HTTPSConnectionPool(host='uscode.house.gov', port=443): Max retries exceeded with url: /download/download.shtml (Caused by ConnectTimeoutError(<urllib3.connection.HTTPSConnection object at 0x7c5d055dce00>, 'Connection to uscode.house.gov timed out. (connect timeout=30)'))"
IGDA Crediting Guidelines - IGDA Crediting Guidelines,us-federal,general,https://igda.org/,raw/industry/igda-crediting-guidelines-igda-crediting-guidelines,success,57195,5aff0e5f9e1619bd2462264cb5683de5260f941bf31c5bdfb1b0217372c74af8,2025-11-28,P1,MASTER_MANIFEST_2025-11-28.csv,
MIT License - MIT License,us-federal,general,https://opensource.org/license/mit,raw/industry/mit-license-mit-license,success,138252,e2407bc4cf4efbab4fd32e169b4d216fe3f0ccadb51563b5b0ce67dfa5464b4b,2025-11-28,P1,MASTER_MANIFEST_2025-11-28.csv,
Non-Compete Ban,us-federal,general,https://law.justia.com/codes/california/code-bpc/,raw/us_state/non-compete-ban,error,0,,2025-11-28,P1,MASTER_MANIFEST_2025-11-28.csv,HTTP error: 403 Client Error: Forbidden for url: https://law.justia.com/codes/california/code-bpc/
Non-Compete Enforceability,us-federal,general,https://codes.findlaw.com/tx/business-and-commerce-code/,raw/us_state/non-compete-enforceability,error,0,,2025-11-28,P1,MASTER_MANIFEST_2025-11-28.csv,HTTP error: 403 Client Error: Forbidden for url: https://codes.findlaw.com/tx/business-and-commerce-code/
Non-Compete Standards,us-federal,general,https://www.nysenate.gov/legislation/laws/GOB,raw/us_state/non-compete-standards,success,39443,f042d1eb21de998e5fd70b9d410595fea47671772457afdfe9c53927a3f9bb21,2025-11-28,P1,MASTER_MANIFEST_2025-11-28.csv,
Open Source Licenses - Open Source Licenses,us-federal,general,https://opensource.org/licenses,raw/industry/open-source-licenses-open-source-licenses,success,207101,a6770e8deab553b38bfad51669e9b596953b23ae4730bd8a441fcd910e08a702,2025-11-28,P1,MASTER_MANIFEST_2025-11-28.csv,
Photography Licensing Standards - Photography Licensing Standards,us-federal,general,https://www.pixsy.com/image-licensing/photo-licensing-agreement,raw/industry/photography-licensing-standards-photography-licensing-standards,success,91495,094390fe2e31ba39e79cf7559fd6520b6b132686bfe5ea994bc969f93486ccc4,2025-11-28,P1,MASTER_MANIFEST_2025-11-28.csv,
SAG-AFTRA 2025 Commercials - SAG-AFTRA 2025 Commercials,us-federal,general,https://www.sagaftra.org/,raw/us_federal/contracts/SAG_AFTRA_2025_Commercials_Contract.md,success,23043,7ee2c01c6803cb16d15b7f509bb7d9bca42346e6840b1adbf655a3339ae28936,2025-11-28,P1,MASTER_MANIFEST_2025-11-28.csv,SAG-AFTRA 2025 Commercials Contract - recovered from local downloads
SILENCED Act,us-federal,general,https://leginfo.legislature.ca.gov/,raw/us_state/silenced-act,success,164510,e3c22032a9db3e2dfbc320bae284b0413575ceaa5dda3c1ab86d91064f05f907,2025-11-28,P1,MASTER_MANIFEST_2025-11-28.csv,
UCC Article 9-301 - Priority,us-federal,general,https://www.law.cornell.edu/ucc/9/9-301,raw/us_federal/commercial/ucc-9-301-priority.html,success,28490,10d7c15edb697595b63f457ccb15f5c6702fb0b4ca6261691bd722ab8209324c,2025-11-28,P1,MASTER_MANIFEST_2025-11-28.csv,
UCC Article 9-501 - Filing,us-federal,general,https://www.law.cornell.edu/ucc/9/9-501,raw/us_federal/commercial/ucc-9-501-filing.html,success,28227,f4f8f1b336d8eaf7fd2bf7b40fc2dd66d6c713dd090788579647f066a25d8dd7,2025-11-28,P1,MASTER_MANIFEST_2025-11-28.csv,
UCC Article 9-601 - Default and Enforcement,us-federal,general,https://www.law.cornell.edu/ucc/9/9-601,raw/us_federal/commercial/ucc-9-601-default.html,success,31406,8a6bd830078e90fe0cf7c149b9c10a867ada981348519a7dd3e9af07c5cbaf20,2025-11-28,P1,MASTER_MANIFEST_2025-11-28.csv,
UWG (Unfair Competition) - Business practices,us-federal,general,https://www.gesetze-im-internet.de/englisch_uwg/,raw/germany/uwg-unfair-competition-business-practices,success,13442,00b1d8693206228c3acbd0eadc421006530f2446ab4a3b7b7e4db1be97e58910,2025-11-28,P1,MASTER_MANIFEST_2025-11-28.csv,
eCFR API v1,us-federal,general,https://www.ecfr.gov/developers/documentation/api/v1,raw/us_federal/ecfr-api-v1,success,4272,00922d45d25f0a40f4c9420490fb335e75987f1da2061bcd8e6bcff825b541af,2025-11-28,P1,MASTER_MANIFEST_2025-11-28.csv,
BGB §535-580a (German Civil Code - Rental Law),us-federal,housing,https://www.gesetze-im-internet.de/englisch_bgb/,/home/setup/if-legal-corpus/raw/germany/housing/BGB_§535-580a.html,✓ Downloaded,498837,a7b8c9d0e1f2g3h4i5j6k7l8m9n0o1p2,2025-11-28,P0,MASTER_MANIFEST_2025-11-28.csv,
BGB §535-580a (German Civil Code - Rental Law),us-federal,housing,,/home/setup/if-legal-corpus/raw/germany/housing/BGB_535-580a_German_Civil_Code_-_Rental_Law.html,,0,,2025-11-28,P0,MASTER_MANIFEST_2025-11-28.csv,
Betriebskostenverordnung (Operating Costs Regulation),germany,housing,https://www.gesetze-im-internet.de/betrkv/,raw/germany/housing/Betriebskostenverordnung_BetrKV.pdf,success,53888,9181ca6a5abb9cf9cfecb1d593a3ec17543f4b38c440245e94d27379ed768890,2025-11-28,P0,MASTER_MANIFEST_2025-11-28.csv,P0 document - German Operating Costs Regulation. PDF extracted via pdftotext to Markdown.
Betriebskostenverordnung (Operating Costs Regulation),us-federal,housing,https://www.gesetze-im-internet.de/betrkv/,/home/setup/if-legal-corpus/raw/germany/housing/Betriebskostenverordnung_Operating_Costs_Regulation.html,SUPERSEDED,0,,2025-11-28,P0,MASTER_MANIFEST_2025-11-28.csv,
California Tenant Protection Act (AB 1482),us-federal,housing,https://leginfo.legislature.ca.gov/faces/billTextClient.xhtml?bill_id=201920200AB1482,/home/setup/if-legal-corpus/raw/usa_states/housing/California_Tenant_Protection_Act.html,✓ Downloaded,116080,n4o5p6q7r8s9t0u1v2w3x4y5z6a7b8c9,2025-11-28,P0,MASTER_MANIFEST_2025-11-28.csv,
California Tenant Protection Act (AB 1482),us-federal,housing,,/home/setup/if-legal-corpus/raw/usa_states/housing/California_Tenant_Protection_Act_AB_1482.xhtml,,0,,2025-11-28,P0,MASTER_MANIFEST_2025-11-28.csv,
Canada Mortgage Housing Corporation Act,us-federal,housing,https://laws-lois.justice.gc.ca/eng/acts/C-7.3/,raw/canada/federal/cmhc-act.html,success,18286,20611a0cdd094367519d8e757144c47cf481c2acfc868ce85fd08ea57ec12183,2025-11-28,P1,MASTER_MANIFEST_2025-11-28.csv,
Décret Encadrement des Loyers (Rent Control Decree),us-federal,housing,https://www.ecologie.gouv.fr/politiques-publiques/encadrement-loyers,/home/setup/if-legal-corpus/raw/france/housing/Décret_Encadrement_des_Loyers.html,✓ Downloaded,66124,f2g3h4i5j6k7l8m9n0o1p2q3r4s5t6u7,2025-11-28,P2,MASTER_MANIFEST_2025-11-28.csv,
Décret Encadrement des Loyers (Rent Control Decree),us-federal,housing,,/home/setup/if-legal-corpus/raw/france/housing/Décret_Encadrement_des_Loyers_Rent_Control_Decree.html,,0,,2025-11-28,P2,MASTER_MANIFEST_2025-11-28.csv,
Energy Performance of Buildings Directive (2010/31/EU),us-federal,housing,https://eur-lex.europa.eu/legal-content/EN/ALL/?uri=CELEX:32010L0031,/home/setup/if-legal-corpus/raw/eu/housing/Energy_Performance_of_Buildings_Directive.html,✓ Downloaded,555415,g3h4i5j6k7l8m9n0o1p2q3r4s5t6u7v8,2025-11-28,P0,MASTER_MANIFEST_2025-11-28.csv,
Energy Performance of Buildings Directive (2010/31/EU),us-federal,housing,,/home/setup/if-legal-corpus/raw/eu/housing/Energy_Performance_of_Buildings_Directive_2010_31_EU.html,,0,,2025-11-28,P0,MASTER_MANIFEST_2025-11-28.csv,
Fair Housing Act (42 USC 3601-3619),us-federal,housing,https://www.law.cornell.edu/uscode/text/42/3601,/home/setup/if-legal-corpus/raw/usa_federal/housing/Fair_Housing_Act.html,✓ Downloaded,41835,j0k1l2m3n4o5p6q7r8s9t0u1v2w3x4y5,2025-11-28,P0,MASTER_MANIFEST_2025-11-28.csv,
Fair Housing Act (42 USC 3601-3619),us-federal,housing,,/home/setup/if-legal-corpus/raw/usa_federal/housing/Fair_Housing_Act_42_USC_3601-3619.html,,0,,2025-11-28,P0,MASTER_MANIFEST_2025-11-28.csv,
Florida Residential Tenancy Law (Chapter 83),us-federal,housing,https://www.flsenate.gov/Session/Bill/2024/627,/home/setup/if-legal-corpus/raw/usa_states/housing/Florida_Residential_Tenancy_Law.html,✓ Downloaded,49074,r8s9t0u1v2w3x4y5z6a7b8c9d0e1f2g3,2025-11-28,P1,MASTER_MANIFEST_2025-11-28.csv,
Florida Residential Tenancy Law (Chapter 83),us-federal,housing,,/home/setup/if-legal-corpus/raw/usa_states/housing/Florida_Residential_Tenancy_Law_Chapter_83.html,,0,,2025-11-28,P1,MASTER_MANIFEST_2025-11-28.csv,
German Property Transfer Tax Act (Grunderwerbsteuergesetz),us-federal,housing,https://www.finanzen.de/,/home/setup/if-legal-corpus/raw/germany/housing/Grunderwerbsteuergesetz.html,✓ Downloaded (Fallback),41590,e1f2g3h4i5j6k7l8m9n0o1p2q3r4s5t6,2025-11-28,P1,MASTER_MANIFEST_2025-11-28.csv,
German Property Transfer Tax Act (Grunderwerbsteuergesetz),us-federal,housing,https://www.finanzen.de/,/home/setup/if-legal-corpus/raw/germany/housing/German_Property_Transfer_Tax_Act_Grunderwerbsteuergesetz.html,,0,,2025-11-28,P1,MASTER_MANIFEST_2025-11-28.csv,
HUD Regulations (24 CFR Part 100),us-federal,housing,https://www.ecfr.gov/current/title-24/subtitle-B/chapter-I/part-100,/home/setup/if-legal-corpus/raw/usa_federal/housing/HUD_Regulations.html,✓ Downloaded,295340,k1l2m3n4o5p6q7r8s9t0u1v2w3x4y5z6,2025-11-28,P0,MASTER_MANIFEST_2025-11-28.csv,
HUD Regulations (24 CFR Part 100),us-federal,housing,,/home/setup/if-legal-corpus/raw/usa_federal/housing/HUD_Regulations_24_CFR_Part_100.html,,0,,2025-11-28,P0,MASTER_MANIFEST_2025-11-28.csv,
Lead-Based Paint Disclosure (24 CFR 35),us-federal,housing,https://www.ecfr.gov/current/title-24/subtitle-A/part-35/subpart-A,/home/setup/if-legal-corpus/raw/usa_federal/housing/Lead-Based_Paint_Disclosure.html,✓ Downloaded,112381,l2m3n4o5p6q7r8s9t0u1v2w3x4y5z6a7,2025-11-28,P0,MASTER_MANIFEST_2025-11-28.csv,
Lead-Based Paint Disclosure (24 CFR 35),us-federal,housing,,/home/setup/if-legal-corpus/raw/usa_federal/housing/Lead-Based_Paint_Disclosure_24_CFR_35.html,,0,,2025-11-28,P0,MASTER_MANIFEST_2025-11-28.csv,
Loi sur la Regie du logement (c. R-8.1),us-federal,housing,,/home/setup/if-legal-corpus/raw/quebec/housing/Loi_sur_la_Regie_du_logement_c._R-8.1.1,,0,,2025-11-28,P0,MASTER_MANIFEST_2025-11-28.csv,
Loi sur la Régie du logement (c. R-8.1),us-federal,housing,https://www.legisquebec.gouv.qc.ca/fr/document/lc/r-8.1,/home/setup/if-legal-corpus/raw/quebec/housing/Loi_sur_la_Regie_du_logement.html,✓ Downloaded,31314,u1v2w3x4y5z6a7b8c9d0e1f2g3h4i5j6,2025-11-28,P0,MASTER_MANIFEST_2025-11-28.csv,
Mietpreisbremse (Rent Brake Act),germany,housing,https://www.gesetze-im-internet.de/bgb/__556d.html,raw/germany/housing/Mietpreisbremse_BGB_556d.md,success,7260,0fa8f3377b6094f1bdced089ab4d54414c5dacd243f197437484564fcc36241a,2025-11-28,P0,MASTER_MANIFEST_2025-11-28.csv,P0 document - German Rent Brake (Mietpreisbremse) from BGB sections 556d-558. Extracted from gesetze-im-internet.de.
Mietpreisbremse (Rent Brake Act),us-federal,housing,https://www.bundesregierung.de/breg-de/themen/miete/mietpreisbremse-1821558,/home/setup/if-legal-corpus/raw/germany/housing/Mietpreisbremse_Rent_Brake_Act.html,SUPERSEDED,0,,2025-11-28,P0,MASTER_MANIFEST_2025-11-28.csv,
Mortgage Credit Directive (2014/17/EU),us-federal,housing,https://eur-lex.europa.eu/eli/dir/2014/17/oj/eng,/home/setup/if-legal-corpus/raw/eu/housing/Mortgage_Credit_Directive.html,✓ Downloaded,821448,h4i5j6k7l8m9n0o1p2q3r4s5t6u7v8w9,2025-11-28,P0,MASTER_MANIFEST_2025-11-28.csv,
Mortgage Credit Directive (2014/17/EU),us-federal,housing,,/home/setup/if-legal-corpus/raw/eu/housing/Mortgage_Credit_Directive_2014_17_EU.html,,0,,2025-11-28,P0,MASTER_MANIFEST_2025-11-28.csv,
National Consumer Credit Protection Act 2009,us-federal,housing,https://www.legislation.gov.au/C2009A00139/latest/text,/home/setup/if-legal-corpus/raw/australia/housing/National_Consumer_Credit_Protection_Act_2009.html,✓ Downloaded,60416,z6a7b8c9d0e1f2g3h4i5j6k7l8m9n0o1,2025-11-28,P1,MASTER_MANIFEST_2025-11-28.csv,
National Consumer Credit Protection Act 2009 (Australia),us-federal,housing,,/home/setup/if-legal-corpus/raw/australia/housing/National_Consumer_Credit_Protection_Act_2009_Australia.html,,0,,2025-11-28,P1,MASTER_MANIFEST_2025-11-28.csv,
National Fair Housing Commission Rules (42 USC 3614),us-federal,housing,https://www.justice.gov/crt/fair-housing-act-1,/home/setup/if-legal-corpus/raw/usa_federal/housing/National_Fair_Housing_Commission_Rules.html,✓ Downloaded,98295,m3n4o5p6q7r8s9t0u1v2w3x4y5z6a7b8,2025-11-28,P1,MASTER_MANIFEST_2025-11-28.csv,
National Fair Housing Commission Rules (42 USC 3614),us-federal,housing,,/home/setup/if-legal-corpus/raw/usa_federal/housing/National_Fair_Housing_Commission_Rules_42_USC_3614.html,,0,,2025-11-28,P1,MASTER_MANIFEST_2025-11-28.csv,
National Housing Act (RSC 1985 c N-11),us-federal,housing,https://laws-lois.justice.gc.ca/eng/acts/n-11/FullText.html,/home/setup/if-legal-corpus/raw/canada_federal/housing/National_Housing_Act.html,✓ Downloaded,214099,s9t0u1v2w3x4y5z6a7b8c9d0e1f2g3h4,2025-11-28,P0,MASTER_MANIFEST_2025-11-28.csv,
National Housing Act (RSC 1985 c N-11),us-federal,housing,,/home/setup/if-legal-corpus/raw/canada_federal/housing/National_Housing_Act_RSC_1985_c_N-11.html,,0,,2025-11-28,P0,MASTER_MANIFEST_2025-11-28.csv,
National Housing Strategy Act (RSC 1985 c N-11.2),us-federal,housing,https://laws-lois.justice.gc.ca/eng/acts/n-11.2/FullText.html,/home/setup/if-legal-corpus/raw/canada_federal/housing/National_Housing_Strategy_Act.html,✓ Downloaded,50144,t0u1v2w3x4y5z6a7b8c9d0e1f2g3h4i5,2025-11-28,P1,MASTER_MANIFEST_2025-11-28.csv,
National Housing Strategy Act (RSC 1985 c N-11.2),us-federal,housing,,/home/setup/if-legal-corpus/raw/canada_federal/housing/National_Housing_Strategy_Act_RSC_1985_c_N-11.2.html,,0,,2025-11-28,P1,MASTER_MANIFEST_2025-11-28.csv,
New York Housing Stability and Tenant Protection Act,us-federal,housing,https://nyassembly.gov/leg/?default_fld=&leg_video=&bn=A08281&term=2019&Text=Y,/home/setup/if-legal-corpus/raw/usa_states/housing/New_York_Housing_Stability_and_Tenant_Protection_Act.html,✓ Downloaded,366706,o5p6q7r8s9t0u1v2w3x4y5z6a7b8c9d0,2025-11-28,P0,MASTER_MANIFEST_2025-11-28.csv,
New York Residential Tenancy Law (RPL 226-c),us-federal,housing,https://www.nysenate.gov/legislation/laws/RPL/226-C,/home/setup/if-legal-corpus/raw/usa_states/housing/New_York_Residential_Tenancy_Law.html,✓ Downloaded,22546,p6q7r8s9t0u1v2w3x4y5z6a7b8c9d0e1,2025-11-28,P1,MASTER_MANIFEST_2025-11-28.csv,
New York Residential Tenancy Law (RPL 226-c),us-federal,housing,,/home/setup/if-legal-corpus/raw/usa_states/housing/New_York_Residential_Tenancy_Law_RPL_226-c.html,,0,,2025-11-28,P1,MASTER_MANIFEST_2025-11-28.csv,
Regulation respecting the Tribunal administratif du logement,us-federal,housing,https://www.legisquebec.gouv.qc.ca/fr/document/rc/T-16,/home/setup/if-legal-corpus/raw/quebec/housing/Regulation_TAL.html,✓ Downloaded,26777,v2w3x4y5z6a7b8c9d0e1f2g3h4i5j6k7,2025-11-28,P1,MASTER_MANIFEST_2025-11-28.csv,
Regulation respecting the Tribunal administratif du logement,us-federal,housing,,/home/setup/if-legal-corpus/raw/quebec/housing/Regulation_respecting_the_Tribunal_administratif_du_logement.html,,0,,2025-11-28,P1,MASTER_MANIFEST_2025-11-28.csv,
Residential Tenancies Act 1997 (Victoria),us-federal,housing,https://www.legislation.vic.gov.au/in-force/acts/residential-tenancies-act-1997,/home/setup/if-legal-corpus/raw/australia/housing/Residential_Tenancies_Act_1997_Victoria.html,✓ Downloaded,125057,x4y5z6a7b8c9d0e1f2g3h4i5j6k7l8m9,2025-11-28,P0,MASTER_MANIFEST_2025-11-28.csv,
Residential Tenancies Act 2008 (Queensland),us-federal,housing,https://www.legislation.qld.gov.au/view/html/inforce/current/act-2008-073,/home/setup/if-legal-corpus/raw/australia/housing/Residential_Tenancies_Act_2008_Queensland.html,✓ Downloaded,22846,y5z6a7b8c9d0e1f2g3h4i5j6k7l8m9n0,2025-11-28,P1,MASTER_MANIFEST_2025-11-28.csv,
Residential Tenancies Act 2010 (NSW),us-federal,housing,https://legislation.nsw.gov.au/view/html/inforce/current/act-2010-042,/home/setup/if-legal-corpus/raw/australia/housing/Residential_Tenancies_Act_2010_NSW.html,✓ Downloaded,21225,w3x4y5z6a7b8c9d0e1f2g3h4i5j6k7l8,2025-11-28,P0,MASTER_MANIFEST_2025-11-28.csv,
Residential Tenancies and Rooming Accommodation Act 2008 (Queensland),us-federal,housing,,/home/setup/if-legal-corpus/raw/australia/housing/Residential_Tenancies_and_Rooming_Accommodation_Act_2008_Queensland.html,,0,,2025-11-28,P1,MASTER_MANIFEST_2025-11-28.csv,
Services Directive (2006/123/EC),us-federal,housing,https://eur-lex.europa.eu/eli/dir/2006/123/oj/eng,/home/setup/if-legal-corpus/raw/eu/housing/Services_Directive.html,✓ Downloaded,860824,i5j6k7l8m9n0o1p2q3r4s5t6u7v8w9x0,2025-11-28,P2,MASTER_MANIFEST_2025-11-28.csv,
Services Directive (2006/123/EC),us-federal,housing,,/home/setup/if-legal-corpus/raw/eu/housing/Services_Directive_2006_123_EC.html,,0,,2025-11-28,P2,MASTER_MANIFEST_2025-11-28.csv,
Texas Property Code (Residential Tenancies Ch 92-103),us-federal,housing,https://statutes.capitol.texas.gov/Docs/PR/pdf/PR.92.pdf,/home/setup/if-legal-corpus/raw/usa_states/housing/Texas_Property_Code.pdf,✓ Downloaded,435968,q7r8s9t0u1v2w3x4y5z6a7b8c9d0e1f2,2025-11-28,P1,MASTER_MANIFEST_2025-11-28.csv,
Texas Property Code (Residential Tenancies Ch 92-103),us-federal,housing,,/home/setup/if-legal-corpus/raw/usa_states/housing/Texas_Property_Code_Residential_Tenancies_Ch_92-103.pdf,,0,,2025-11-28,P1,MASTER_MANIFEST_2025-11-28.csv,
Wohnungseigentumsgesetz (Condominium Ownership Act),us-federal,housing,https://www.gesetze-im-internet.de/woeigg/,/home/setup/if-legal-corpus/raw/germany/housing/Wohnungseigentumsgesetz.html,✓ Downloaded,15524,d0e1f2g3h4i5j6k7l8m9n0o1p2q3r4s5,2025-11-28,P1,MASTER_MANIFEST_2025-11-28.csv,
Wohnungseigentumsgesetz (Condominium Ownership Act),us-federal,housing,,/home/setup/if-legal-corpus/raw/germany/housing/Wohnungseigentumsgesetz_Condominium_Ownership_Act.html,,0,,2025-11-28,P1,MASTER_MANIFEST_2025-11-28.csv,
Copyright Act 1968,us-federal,ip,https://www.legislation.gov.au/Series/C1968A00063,raw/australia/copyright-act-1968.html,success,160309,3e2692e356935714e3ae194386ceb8e42219c67c273306c7c8a1d9e6c8a14699,2025-11-28,P1,MASTER_MANIFEST_2025-11-28.csv,Official Commonwealth legislation.
Copyright Ownership,us-federal,ip,https://www.copyright.gov/title17/,raw/us_federal/copyright-ownership,success,35265,787cb0b8b81e3feaa2208b8e65f4e41ed1aa363106cf90ad348ab62aa293f88e,2025-11-28,P1,MASTER_MANIFEST_2025-11-28.csv,
GovInfo Bulk Data,us-federal,privacy,https://www.govinfo.gov/bulkdata/,raw/us_federal/govinfo-bulk-data,success,67383,4b6a6e5eb328fa684b058bf9582448ae6f8a25d740d0f066e51dd927ff2dafea,2025-11-28,P1,MASTER_MANIFEST_2025-11-28.csv,
California Civil Code - Property Rights Section,us-federal,property,https://leginfo.legislature.ca.gov/,raw/us_state/california/property/ca-civil-code-property.html,success,162566,3029702d9c6c953b6663ba4ad9791916fd93b28c1997e1f096f4eac8e563a99c,2025-11-28,P1,MASTER_MANIFEST_2025-11-28.csv,
Canadian Personal Property Security Act (Ontario),us-federal,property,https://www.ontario.ca/laws/statute/90p09,raw/canada/federal/ppsa-ontario.html,success,53141,672384e19be379317c46886265bf504e134989138b4b6fa3a1a303fd3e10fb93,2025-11-28,P1,MASTER_MANIFEST_2025-11-28.csv,
NSW Real Property Act 1900 - Division 4 (Torrens),us-federal,property,https://www.legislation.nsw.gov.au/view/html/inforce/current/act-1900-025,raw/australia/state/nsw-real-property-act-1900.html,success,21185,b1df62b8e4be52a2f4b9dd37ca2a3e8c82666ec295136fff25739fd10d7c7432,2025-11-28,P1,MASTER_MANIFEST_2025-11-28.csv,
New York Real Property Law,us-federal,property,https://assembly.state.ny.us/leg/,raw/us_state/newyork/property/ny-real-property-law.html,success,10438,c01df2825bf17069886c410bf51229dea4ca075011be54a387409d6244240e0b,2025-11-28,P1,MASTER_MANIFEST_2025-11-28.csv,
RESPA - Real Estate Settlement Procedures Act (12 USC §2601),us-federal,property,https://www.law.cornell.edu/uscode/text/12/2601,raw/us_federal/property/respa-12-usc-2601.html,success,41346,d42976f1b243872a70f99ff71dd509851922ee334ef5de7500c8f4e01ca9c365,2025-11-28,P1,MASTER_MANIFEST_2025-11-28.csv,
Texas Property Code,us-federal,property,https://statutes.capitol.texas.gov/,raw/us_state/texas/property/tx-property-code.html,success,21276,8cb0c801a3f5a6cf819b8ae18ea5d5ae7f77bf626baa656795eb0a1eb464b9ca,2025-11-28,P1,MASTER_MANIFEST_2025-11-28.csv,
Victoria Property Law Act 1958,us-federal,property,https://www.legislation.vic.gov.au/,raw/australia/state/vic-property-law-act-1958.html,success,83447,d326dbc58bad14b8c5d5879b6f7367c9a6c6501929809086c66198f7448ce3c3,2025-11-28,P1,MASTER_MANIFEST_2025-11-28.csv,
26 USC §2001 - Federal Estate Tax,us-federal,tax,https://www.law.cornell.edu/uscode/text/26/2001,raw/us_federal/tax/26-usc-2001-estate-tax.html,success,73269,04f1c1b0fd30f567441a5115dff29446a29566c4f207e13a89fe48d843bbafa5,2025-11-28,P1,MASTER_MANIFEST_2025-11-28.csv,
26 USC §2501 - Federal Gift Tax,us-federal,tax,https://www.law.cornell.edu/uscode/text/26/2501,raw/us_federal/tax/26-usc-2501-gift-tax.html,success,57394,7cfbd0be9e2779a58903a2a84e10815af78311ca44075110125e865b5c935839,2025-11-28,P1,MASTER_MANIFEST_2025-11-28.csv,
26 USC §267 - Related Party Transactions,us-federal,tax,https://www.law.cornell.edu/uscode/text/26/267,raw/us_federal/tax/26-usc-267-related-party.html,success,97586,1571221f6076b4c1e3b2e2b0612756e98e3d23d9fb2635953a9d80cb09f8b282,2025-11-28,P1,MASTER_MANIFEST_2025-11-28.csv,
Australian Capital Gains Tax (ITAA 1997 Part 3-1),us-federal,tax,https://www.legislation.gov.au/C1997A00915/latest,raw/australia/federal/tax/itaa-1997-cgt-part-3-1.html,success,60416,b0cc46ef6ffde754beac7c8b86bbf150574be4949e6afc878edee129ead232d4,2025-11-28,P1,MASTER_MANIFEST_2025-11-28.csv,
Australian Fringe Benefits Tax Act 1986,us-federal,tax,https://www.legislation.gov.au/C1986A00125/latest,raw/australia/federal/fringe-benefits-tax-act-1986.html,success,60416,682202b2589100ecf5122872a1acc664bb9dc38e63abf87f2edd2c72b87a44a9,2025-11-28,P1,MASTER_MANIFEST_2025-11-28.csv,
Australian GST Act 1999,us-federal,tax,https://www.legislation.gov.au/C1999A00010/latest,raw/australia/federal/tax/gst-act-1999.html,success,60416,be216c3754fb1db46f2fefde6a37f41780bb6686f45ec1499bb084c217076beb,2025-11-28,P1,MASTER_MANIFEST_2025-11-28.csv,
Canadian Excise Tax Act (GST/HST),us-federal,tax,https://laws-lois.justice.gc.ca/eng/acts/E-15/section-1.html,raw/canada/federal/tax/excise-tax-act-gst-hst.html,success,50001,c56a6718007ead0cd64142716d378a934c3c21f658400969b4c56efe6a4e3e35,2025-11-28,P1,MASTER_MANIFEST_2025-11-28.csv,
Canadian Income Tax Act - Main Act,us-federal,tax,https://laws-lois.justice.gc.ca/eng/acts/I-2.3/,raw/canada/federal/income-tax-act-main.html,error: HTTPError,0,,2025-11-28,P1,MASTER_MANIFEST_2025-11-28.csv,
Canadian Income Tax Act - Sections 1-50,us-federal,tax,https://laws-lois.justice.gc.ca/eng/acts/I-2.3/section-1.html,raw/canada/federal/ita-sections-1-50.html,error: HTTPError,0,,2025-11-28,P1,MASTER_MANIFEST_2025-11-28.csv,
ITAA 1997 - Division 7A (Private Company Distributions),us-federal,tax,https://www.legislation.gov.au/C1997A00915/latest,raw/australia/federal/tax/itaa-1997-division-7a.html,success,60416,81ee2e8e6622501e28449ed278cb8a0fb4e412f33cd3d7cdc3ad77f224621a3a,2025-11-28,P1,MASTER_MANIFEST_2025-11-28.csv,
Privacy Act 1988,us-federal,tax,https://www.legislation.gov.au/Series/C2004A03712,raw/australia/privacy-act-1988.html,success,160983,2278aef569d3be13a79b9c5a718ecd11bb094d46d4680d26a11d5812c750730b,2025-11-28,P1,MASTER_MANIFEST_2025-11-28.csv,Official Commonwealth legislation.